,BlackElo,WhiteElo,moves,move_num,winner,Black_Elo_Num,White_Elo_Num
Game47674,2413,2416,1. e4 e6 2. Nc3 Nf6 3. e5 Nd5 4. d4 Nxc3 5. bxc3 c5 6. Nf3 Nc6 7. d5 exd5 8. Qxd5 d6 9. exd6 Qxd6 10. Bc4 Be6 11. Qxd6 Bxd6 12. Bxe6 fxe6 13. O-O Kd7 14. Re1 Rhf8 15. Ng5 Be5 16. Bd2 h6 17. Nf3 Bd6 18. Rad1 Rae8 19. Be3 Kc7 20. Nd2 b6 21. Nc4 g5 22. Nxd6,22,white,2413,2416
Game62936,2402,2426,1. d4 d5 2. Nf3 c6 3. c4 Nf6 4. Nc3 e6 5. Qc2 Nbd7 6. e3 Qa5 7. Bd2 Bb4 8. a3 dxc4 9. Bxc4 b5 10. Bd3 a6 11. O-O Bxc3 12. Bxc3 Qb6 13. e4 c5 14. dxc5 Nxc5 15. Rad1 Nxd3 16. Qxd3 Bb7 17. Bxf6 gxf6 18. e5 Rd8 19. Qxd8+ Qxd8 20. Rxd8+ Kxd8 21. Rd1+ Ke7 22. exf6+ Kxf6 23. Nd2 Rc8 24. Nb3 Rc2 25. Na5 Bd5 26. Rb1 Ke5 27. f3 Kd4 28. b3 Kc3 29. b4 Rb2 30. Rc1+ Rc2 31. Rb1 Ra2 32. Rc1+ Kd2 33. Rc7 Ke3 34. h3 Ra1+ 35. Kh2 Rxa3 36. Rxf7 Ra4 37. Ra7 Rxb4 38. Rxa6 Ra4 39. Ra7 b4 40. Nc4+ Bxc4 41. Rxa4 b3 42. Rxc4 Kd3 43. Rb4 Kc3 44. Rb6 b2 45. Kg3 e5 46. Kg4 Kd4 47. Kf5 e4 48. fxe4 Kc3 49. Rxb2 Kxb2 50. e5 Kc3 51. e6,51,white,2402,2426
Game63179,2408,2420,1. d4 d5 2. Nf3 c6 3. c4 Nf6 4. Nc3 e6 5. Qc2 dxc4 6. e4 b5 7. a4 b4 8. Ne2 Ba6 9. Bg5 Qa5 10. Bxf6 gxf6 11. g3 b3+ 12. Qd2 Bb4 13. Nc3 Nd7 14. Bg2 Bxc3 15. bxc3 Rb8 16. Qb2 c5 17. O-O cxd4 18. Nxd4 Qc5 19. Kh1 Ne5 20. Rad1 Nd3 21. Qb1 Ke7 22. Bf3 Rhd8 23. Be2 Rxd4 24. cxd4 Qxd4 25. Bxd3 cxd3 26. Rfe1 b2 27. Re3 Rb3 28. f3 Qc4 29. Ree1 Qc2 30. Rf1 Ra3 31. Kg1 Ra1 32. Qxc2 dxc2 33. Rxa1 Bxf1,33,black,2408,2420
Game63230,2408,2420,1. d4 d5 2. c4 e5 3. dxe5 d4 4. Nf3 Nc6 5. a3 Be6 6. Qc2 Nge7 7. Bg5 h6 8. Bh4 g5 9. Bg3 Bg7 10. Nbd2 Nf5 11. Qe4 O-O 12. Rd1 a5 13. Nb3 Qe7 14. Nbxd4 Ncxd4 15. Nxd4 Nxd4 16. Rxd4 Rad8 17. e3 f5 18. exf6 Bxf6 19. Be5 Bf7 20. Bxf6 Qxf6 21. Bd3 Qg7 22. O-O Rde8 23. Qg4 Be6 24. Qh5 c6 25. Bg6 Re7 26. Rfd1 Bf7 27. Bxf7+ Rexf7 28. Rd8 Rxf2 29. Rxf8+ Qxf8 30. Qg6+ Kh8 31. h4 Rf6 32. Qh5 Qf7 33. Rd8+ Kg7 34. Qd1 gxh4 35. Rd7 Rf1+ 36. Kh2 Rxd1 37. Rxf7+ Kxf7 38. Kh3 Kg6 39. Kxh4 Rd2 40. g4 Rxb2 41. Kg3 Rg2+ 42. Kxg2 Kg5 43. Kg3 h5 44. gxh5 Kxh5 45. Kf4 b5 46. cxb5 cxb5 47. Ke4 a4,47,black,2408,2420
Game63293,2408,2420,1. d4 d5 2. Nf3 c6 3. c4 Nf6 4. Nc3 e6 5. e3 Bd6 6. Bd3 dxc4 7. Bxc4 b5 8. Bd3 Nbd7 9. O-O Bb7 10. a3 a6 11. e4 e5 12. dxe5 Nxe5 13. Nxe5 Bxe5 14. Qe2 c5 15. Rd1 Qc7 16. Be3 Bxh2+ 17. Kh1 Be5 18. Nxb5 axb5 19. Bxb5+ Kf8 20. Rac1 Nxe4 21. b4 Qe7 22. Qg4 h5 23. Qh3 Bd4 24. Rxd4 cxd4 25. Bxd4 Rd8 26. Bb6 Rd6 27. Rc8+ Bxc8 28. Qxc8+ Rd8 29. Bxd8 Qe6 30. Qb8 Nxf2+ 31. Kg1 Qe1+ 32. Kh2 Ng4+ 33. Kh3 Qh1+ 34. Kg3 Qe1+ 35. Kh3 Qe3+,35,black,2408,2420
Game63420,2420,2408,1. d4 d5 2. Nf3 c6 3. c4 Nf6 4. Nc3 e6 5. Qc2 dxc4 6. a4 Nbd7 7. e4 Bb4 8. Bxc4 Qa5 9. Bd2 b5 10. Bd3 a6 11. O-O Qb6 12. axb5 cxb5 13. Nxb5 O-O 14. Bxb4 axb5 15. Rxa8 Re8 16. Rxc8,16,white,2420,2408
Game63449,2420,2408,1. d4 d5 2. c4 e5 3. dxe5 d4 4. Nf3 Nc6 5. a3 Be6 6. Qc2 Nge7 7. Bf4 Ng6 8. Bg3 h5 9. h3 a5 10. Nbd2 a4 11. Qd3 Bc5 12. Ne4 Qe7 13. Nxc5 Qxc5 14. e3 dxe3 15. Qxe3 Qxe3+ 16. fxe3 O-O-O 17. Rd1 Rxd1+ 18. Kxd1 Rd8+ 19. Kc2 Bf5+ 20. Kc1 Re8 21. Be2 Ngxe5 22. Nxe5 Nxe5 23. Rf1 Bg6 24. Kd2 f6 25. Kc3 Nc6 26. Bf3 Rxe3+ 27. Kd2 Re6 28. Bd5 Re7 29. Bxc6 bxc6 30. Kc3 Be4 31. Rf2 Re6 32. Re2 f5 33. Bf4 Rg6 34. g3 Re6 35. h4 Kd7 36. Rd2+ Ke8 37. Kb4 Re7 38. Kxa4 Kf7 39. Kb4 Bf3 40. Bg5 Re4 41. Rd7+ Kg6 42. Rxc7 Be2 43. b3 Bf3 44. Rxc6+ Kh7 45. Rc7 Re1 46. Bd2 Rb1 47. Bc3 Bd1 48. Rxg7+ Kh6 49. Rg8 Bxb3 50. Kc5 Ba2 51. Rh8+ Kg6 52. Rg8+ Kf7 53. Rg5 Ke6 54. Rg6+ Ke7,54,black,2420,2408
Game63556,2419,2409,1. d4 d5 2. c4 e5 3. dxe5 d4 4. Nf3 Nc6 5. a3 Be6 6. Bd2 Nge7 7. Qc2 Nf5 8. h3 h5 9. g3 a5 10. Bg2 a4 11. O-O Bc5 12. Bf4 h4 13. g4 Ng3 14. Re1 g5 15. Bxg5 Qd7 16. Bxh4 Rxh4 17. Nxh4 O-O-O 18. Qh7 d3 19. Nc3 d2 20. Red1 Qd4 21. e3 Qxc4 22. fxg3 Bxe3+ 23. Kh2 Nd4 24. Qe4 Nc2 25. Qxb7+ Kd7 26. Qb5+ Qxb5 27. Nxb5 Rb8 28. Nc3 Rxb2 29. Rab1 Rxb1 30. Nxb1 Ne1 31. Nxd2 Bxd2 32. Rxd2+ Ke7 33. Bf1 Bb3 34. Re2 Nc2 35. Re3 Nd4 36. Rd3 Ne6 37. Nf5+ Kf8 38. Rc3 c5 39. Bc4 Bxc4 40. Rxc4 Ke8 41. Nd6+ Kd7 42. Nxf7 Kc6 43. Nd6 Kd5 44. Rc3 Nd4 45. Nc4 Nb5 46. Ne3+ Kd4 47. Rxc5 Kxe3 48. Rxb5 Kf3 49. Rb4 Kf2 50. e6 Kf3 51. e7 Kf2 52. e8=Q Kf3 53. Qe4+ Kf2 54. Qf4+ Ke2 55. Re4+ Kd3 56. Qf3+ Kc2 57. Re2+,57,white,2419,2409
Game108456,2519,2532,1. d4 e6 2. c4 d5 3. Nf3 Nf6 4. g3 Nbd7 5. Bg2 c6 6. O-O Bd6 7. Qc2 O-O 8. Nfd2 e5 9. dxe5 Nxe5 10. cxd5 cxd5 11. Nc3 Be6 12. Nf3 Nxf3+ 13. Bxf3 Rc8 14. Be3 Be5 15. Rad1 Qa5 16. Bd4 Bxd4 17. Rxd4 Rc7 18. Rfd1 Rfc8 19. Qb1 Qb6 20. e3 Rc5 21. a3 h6 22. Na4 Qb3 23. Nxc5 Rxc5 24. Rc1 Rb5 25. Rd2 Rb6 26. Qc2 Qb5 27. Qc5 Qd7 28. Qd4 Qe7 29. Kg2 g6 30. b4 Bd7 31. Rdc2 Qe6 32. Kg1 Qh3 33. Bg2 Qf5 34. Rc7 Bc6 35. Qf4 Qxf4 36. gxf4 Ra6 37. Rc3 Kg7 38. f5 gxf5 39. Bf1 Ne8 40. Bxa6 Nxc7 41. Bxb7 Bxb7 42. Rxc7 Ba6 43. Rxa7 Bc4 44. a4 Kf6 45. a5 Ke6 46. a6 Kd6 47. Rb7 Kc6 48. Rxf7 Bxa6 49. Rf6+ Kb5 50. Rxh6 Bc8 51. Rh5 Kxb4 52. h4 Be6 53. Rg5 Bc8 54. h5 Kc5 55. h6 Kd6 56. h7 Be6 57. h8=Q Kc5 58. Qd4+ Kd6 59. Rg6 Ke7 60. Rxe6+ Kf7 61. f4 Kxe6 62. Qe5+ Kf7 63. Qxd5+ Kg6 64. Qe5 Kh5 65. Qxf5+ Kh6 66. Qg5+ Kh7 67. f5 Kh8 68. f6 Kh7 69. Qg7#,69,white,2519,2532
Game108591,2509,2542,1. b3 e6 2. Bb2 d5 3. g3 Be7 4. Bg2 Bf6 5. Bxf6 Nxf6 6. Nf3 O-O 7. O-O Nbd7 8. d3 b6 9. Nbd2 Bb7 10. c4 c5 11. Qc2 d4 12. Qb2 e5 13. Rfe1 Qc7 14. b4 Rfe8 15. bxc5 Nxc5 16. Ng5 Bxg2 17. Kxg2 h6 18. Ngf3 Qc6 19. Kg1 Rad8 20. Qb4 a5 21. Qb5 Qxb5 22. cxb5 e4 23. dxe4 Nfxe4 24. Nxe4 Rxe4 25. Rad1 d3 26. exd3 Rb4 27. d4 Ne6 28. d5 Nc5 29. d6 Rxb5 30. Ne5 Rb2 31. Nc6 Rd7 32. Re8+ Kh7 33. Re7 Rxa2 34. Ne5 Rd8 35. Nxf7 Rf8 36. d7 Nxd7 37. Rdxd7 Ra1+ 38. Kg2 Ra2 39. h4 b5 40. g4 b4 41. h5 b3 42. Kg3 b2 43. Ne5 Ra3+ 44. f3 Rg8 45. Rb7 Ra2 46. Ng6 a4 47. Nf8+ Kh8 48. Ne6 a3 49. Nxg7 b1=Q 50. Rxb1 Rxg7 51. Rb8+ Kh7 52. Ree8 Rf7 53. Rh8+ Kg7 54. Rbg8+ Kf6 55. Rxh6+ Ke5 56. Ra6 Kd4 57. Rd8+ Kc3 58. Rda8 Kb2,58,black,2509,2542
Game121139,2426,2462,1. d4 d6 2. c4 g6 3. Nc3 Nf6 4. Nf3 Bg7 5. e3 O-O 6. b3 Nc6 7. Bb2 Bg4 8. h3 Bxf3 9. Qxf3 e5 10. O-O-O exd4 11. exd4 a5 12. g4 h5 13. g5 Nh7 14. h4 Re8 15. Bh3 Ne7 16. Kb1 Nf8 17. Ne4 Ne6 18. d5 Nc5 19. Bxg7 Kxg7 20. Qf6+ Kg8 21. Nxc5 dxc5 22. d6 Nf5 23. Bxf5 Qxf6 24. gxf6 gxf5 25. Rhg1+ Kf8 26. dxc7 Rac8 27. Rd7 Re6 28. Rd8+ Re8 29. Rxe8+ Kxe8 30. Re1+ Kd7 31. Re7+ Kd6 32. Rxf7 Ke6 33. Rh7 Kxf6 34. Kc2 Ke5 35. Kd3 Kf4 36. Ke2 b5 37. cxb5 Rxc7 38. Rxc7 Kg4 39. b6 f4 40. b7 f3+ 41. Ke3 Kxh4 42. b8=Q Kh3 43. Qg8 h4 44. Rh7 a4 45. Qg5 Kh2 46. Rxh4#,46,white,2426,2462
Game121199,2473,2417,1. e4 c5 2. Nc3 Nc6 3. Nf3 g6 4. d4 cxd4 5. Nxd4 Bg7 6. Nxc6 dxc6 7. Qxd8+ Kxd8 8. Bg5 Kc7 9. O-O-O h6 10. Bd2 Nf6 11. e5 Nd7 12. f4 Nc5 13. Be3 Ne6 14. Ne4 b6 15. Bc4 Rd8 16. Bxe6 Bxe6 17. Rxd8 Rxd8 18. g3 Bd5 19. Nf2 Bxh1 20. Nxh1 g5 21. Nf2 gxf4 22. Bxf4 e6 23. Ne4 Rd5 24. Nd6 Bxe5 25. Nxf7 Bxf4+ 26. gxf4 Rf5 27. Ne5 Rxf4 28. Kd2 Rf2+ 29. Ke3 Rxh2 30. Nf7 Rxc2 31. Nxh6 Rxb2 32. Ng8 Rxa2 33. Nf6 Kd6 34. Ne8+ Ke5 35. Nc7 Ra3+ 36. Kd2 a5 37. Kc2 Rh3 38. Kb2 b5 39. Na6 a4 40. Nc5 Kd4 41. Nxe6+ Kc4 42. Ng5 Rh2+ 43. Ka3 b4+ 44. Kxa4 Ra2#,44,black,2473,2417
Game121245,2408,2484,1. d4 e6 2. c4 d5 3. Nc3 Nf6 4. cxd5 exd5 5. Bg5 Nc6 6. Qc2 Be7 7. e3 Be6 8. Bb5 g6 9. Nge2 Bf5 10. Qa4 O-O 11. Bxc6 bxc6 12. Qxc6 Ne4 13. Bxe7 Qxe7 14. Nxd5 Qg5 15. O-O Nd2 16. Rfd1 Be4 17. Nf6+ Kg7 18. Nxe4 Nxe4 19. Qxe4 Rfe8 20. Qf3 c5 21. d5 Qe5 22. b3 Qb2 23. Rac1 Qa3 24. d6 Qxa2 25. d7 Red8 26. Rxc5 Qxb3 27. Rcd5 a5 28. Ng3 a4 29. h4 a3 30. h5 a2 31. h6+ Kg8 32. Qf6 Kf8 33. Qg7+ Ke7 34. Re5+ Qe6 35. Rxe6+ Kxe6 36. Ne4 a1=Q 37. Rxa1 Rxa1+ 38. Qxa1 f5 39. Nc5+ Kd5 40. Qd4+ Kc6 41. g3 g5 42. f4 g4 43. Kg2 Kc7 44. Ne6+ Kc6 45. Nxd8+ Kb5 46. Nf7 Kc6 47. d8=Q Kb7 48. Q8b6+ Kc8 49. Qdd8#,49,white,2408,2484
Game121315,2494,2400,1. e4 c5 2. Nc3 Nc6 3. Nf3 g6 4. d4 cxd4 5. Nxd4 Bg7 6. Nxc6 bxc6 7. Bc4 Nf6 8. e5 Nd5 9. Nxd5 cxd5 10. Qxd5 O-O 11. Qxa8 Qa5+ 12. c3 Ba6 13. Qe4 Bxc4 14. Qxc4 Qxe5+ 15. Be3 Rb8 16. O-O Rxb2 17. Qc8+,17,white,2494,2400
Game121335,2413,2478,1. h4 d6 2. h5 Nf6 3. h6 gxh6 4. d4 Nc6 5. Bxh6 Bxh6 6. Rxh6 Ng4 7. Rh4 Nf6 8. Nf3 e5 9. dxe5 dxe5 10. Qxd8+ Kxd8 11. Nc3 Bg4 12. O-O-O+ Kc8 13. e3 Bxf3 14. gxf3 a6 15. Bh3+ Kb8 16. Rh6 Ne8 17. Bd7 Nd6 18. Bxc6 bxc6 19. Ne4 Nf5 20. Rf6 Ne7 21. Rxf7 Nd5 22. c4 Nb6 23. c5 Nd5 24. Nf6 Nxf6 25. Rxf6 h5 26. Rd7 h4 27. Rff7 Ra7 28. Rh7 Rf8 29. Rdf7 Rg8 30. Rxh4 Rg2 31. Rh8+ Kb7 32. Rhh7 Kc8 33. f4 Rxf2 34. fxe5 Re2 35. e6 Rxe3 36. Rf8+ Kb7 37. e7 Rxe7 38. Rxe7 a5 39. Rff7 Ka6 40. Rxc7 Ra8 41. Rb7 Rd8 42. Rb6#,42,white,2413,2478
Game121385,2488,2405,1. d4 Nf6 2. Nc3 g6 3. Nf3 Bg7 4. e4 e6 5. e5 Nd5 6. Nxd5 exd5 7. c4 dxc4 8. Bxc4 O-O 9. Bg5 Qe8 10. O-O Kh8 11. Bf6 Nc6 12. Bxg7+ Kxg7 13. Re1 b6 14. d5 Na5 15. Bd3 Bb7 16. b4 Bxd5 17. bxa5 Qe6 18. Be4 Bxe4 19. Rxe4 bxa5 20. Nd4 Qd5 21. Qd3 Kg8 22. Qe3 Rfe8 23. Re1 Rab8 24. Nf3 Rb2 25. Qh6 Qc5 26. Rf1 f6 27. e6 dxe6 28. Rh4 Re7 29. h3 e5 30. Ne1 e4 31. g3 e3 32. f4 Qd5 33. Nf3 Rf2 34. Rxf2 exf2+ 35. Kxf2 Qxa2+ 36. Kf1 Qb1+ 37. Kf2 Qc2+ 38. Kf1 Qe2+ 39. Kg1 Qxf3 40. Qxh7+ Rxh7 41. Rh6 Rxh6 42. Kh2 Qf2+ 43. Kh1 Rxh3#,43,black,2488,2405
Game179851,2617,2526,1. e4 e6 2. d4 Nf6 3. Nd2 d5 4. e5 Nfd7 5. Bd3 c5 6. c3 Nc6 7. Ne2 Qb6 8. Nf3 c4 9. Bc2 a5 10. O-O Qa6 11. Ne1 b5 12. f4 g6 13. Nf3 Be7 14. Kh1 b4 15. g4 Nb6 16. Ng3 Bd7 17. f5 O-O-O 18. Bh6 gxf5 19. gxf5 Bf8 20. Bxf8 Rdxf8 21. f6 Rfg8 22. Rg1 Qb5 23. Nh5 Nd8 24. Rg7 Kb8 25. Bxh7 Rf8 26. Ng5 Be8 27. Qd2 Na4 28. Rb1 bxc3 29. bxc3 Rxh7 30. Rxb5+,30,white,2617,2526
Game248613,2424,2403,1. Nf3 d6 2. d4 g6 3. c4 Bg7 4. Nc3 h5 5. e4 Nc6 6. d5 Ne5 7. Nxe5 Bxe5 8. Bd3 Bxc3+ 9. bxc3 e5 10. f4 exf4 11. Bxf4 Qh4+ 12. Bg3 Qf6 13. Qd2 Nh6 14. Rf1 Qg7 15. h3 f6 16. O-O-O Nf7 17. e5 Nxe5 18. c5 O-O 19. cxd6 cxd6 20. Kb1 a6 21. c4 Nxd3 22. Qxd3 Bf5 23. Rxf5 gxf5 24. Bxd6 Rfe8 25. c5 f4 26. Bxf4 Qh7 27. Qxh7+ Kxh7 28. c6 bxc6 29. dxc6 Re7 30. c7 Rc8 31. Rc1 Kg6 32. g3 Kf5 33. h4 Ke6 34. Rc6+ Kd5 35. Rxa6 Rexc7 36. Bxc7 Rxc7 37. Rxf6 Rg7 38. Rh6 Rxg3 39. Rxh5+ Kc4 40. Rg5 Rh3 41. Rg1 Kc3 42. Rc1+ Kb4 43. Ka1 Rxh4 44. Rb1+ Ka3 45. Rc1 Rh3 46. Rb1 Rh2 47. Rb3+ Ka4 48. Rb1 Rf2 49. Rb2 Rf1+ 50. Rb1 Rf3 51. Rb2 Rf1+ 52. Rb1 Rf4 53. Rb2 Ka3 54. Rb1 Rf2 55. Rb2 Rf1+ 56. Rb1 Rf3 57. Rb3+ Ka4,57,black,2424,2403
Game249082,2426,2401,1. Nf3 d6 2. d4 g6 3. e4 h6 4. Bc4 a6 5. O-O e6 6. Nc3 b5 7. Bb3 Bb7 8. d5 e5 9. a4 b4 10. Na2 a5 11. Be3 Nd7 12. Nc1 Bg7 13. Nd3 Ne7 14. Nd2 O-O 15. Nc4 f5 16. exf5 Nxf5 17. Qd2 Nxe3 18. fxe3 Qh4 19. Ne1 Nf6 20. Nf3 Qh5 21. Qe2 Bxd5 22. Rad1 Bf7 23. h3 Ne4 24. Ncd2 Ng3 25. Bxf7+ Rxf7 26. Qc4 Nxf1 27. Rxf1 Rf8 28. Ne4 Kh8 29. Ng3 Rxf3 30. Rxf3 Qg5 31. h4 Rxf3 32. hxg5 Rxg3 33. gxh6 Bxh6 34. Qxc7 Bxe3+ 35. Kf1 Rg5 36. Qxa5 b3 37. Qd8+ Kh7 38. cxb3 Rf5+ 39. Ke2 Bc5 40. Qh4+ Rh5 41. Qe7+ Kh6 42. a5 Rg5 43. Qf8+ Kh7 44. b4 Rxg2+ 45. Kf1 Rf2+ 46. Qxf2 Bxb4 47. Qh4+ Kg7 48. a6 Bc5 49. Qe7+ Kh6 50. a7 Bxa7,50,black,2426,2401
Game249211,2424,2403,1. Nf3 d5 2. d4 Nf6 3. c4 Nc6 4. cxd5 Qxd5 5. Nc3 Qd8 6. d5 Nb8 7. e4 g6 8. e5 Ng8 9. Bc4 Bg7 10. Bf4 Nh6 11. Qd2 Nf5 12. g4 g5 13. Bxg5 h6 14. Bf4 Nh4 15. Nxh4 e6 16. Nf3 exd5 17. Nxd5 Be6 18. O-O-O Nc6 19. Rhe1 Bxg4 20. Re3 O-O 21. Rg1 Bxf3 22. Rxf3 Kh8 23. Rxg7 Kxg7 24. Bxh6+ Kh7 25. Nf6+ Kh8 26. Rh3 Qc8 27. Bg7+ Kxg7 28. Qh6#,28,white,2424,2403
Game290493,2405,2406,1. d4 d5 2. c4 c6 3. Nc3 Nf6 4. e3 e6 5. Nf3 Nbd7 6. b3 Bd6 7. Be2 Qe7 8. O-O O-O 9. Bb2 a6 10. Qc2 b5 11. a4 b4 12. Nb1 Bb7 13. Ne5 a5 14. f4 Ne4 15. c5 Bc7 16. Nd2 f5 17. Nxe4 Nxe5 18. Nd6 Ng4 19. Bxg4 Bxd6 20. cxd6 Qxd6 21. Bf3 Ba6 22. Rfc1 Rfc8 23. Qc5 Qd7 24. Qxa5 Be2 25. Qxb4 Bxf3 26. gxf3 Rcb8 27. Qc3 Ra6 28. Ba3 Qd8 29. Bc5 g5 30. fxg5 Qxg5+ 31. Kh1 Kf7 32. Rg1 Qf6 33. Rg2 Raa8 34. Rag1 Rg8 35. a5 Rxg2 36. Rxg2 f4 37. e4 dxe4 38. fxe4 f3 39. Rf2 Qg5 40. Qxf3+ Kg6 41. Qf7+ Kh6 42. Be7 Qc1+ 43. Rf1 Qxf1+ 44. Qxf1 Rf8,44,black,2405,2406
Game397444,2515,2402,1. g3 d5 2. Bg2 c5 3. d3 Nf6 4. Nd2 Nc6 5. c3 Bg4 6. Nh3 Qd7 7. Ng1 e5 8. f3 Bf5 9. e4 Bg6 10. Qe2 Bd6 11. Nh3 O-O 12. O-O b5 13. f4 exf4 14. gxf4 dxe4 15. dxe4 Bh5 16. Qe1 c4 17. e5 Bc5+ 18. Kh1 Ng4 19. Ne4 Bb6 20. Nhf2 Nxf2+ 21. Nxf2 Rad8 22. Ne4 Ne7 23. Be3 Bxe3 24. Qxe3 Nf5 25. Qh3 Bg6 26. Ng5 Qd3 27. Rf3 Qd2 28. e6 f6 29. Ne4 Qxb2 30. Rg1 Rfe8 31. Ng3 Nxg3+ 32. Rxg3 f5 33. Re3 Qf2 34. Rge1 Rd2 35. e7 Qxf4 36. a4 Qd6 37. axb5 f4 38. Re6 Qd3 39. Qg4 Bf5 40. Qxf4 Bxe6 41. Be4 Qd6 42. Qh4 Bf7 43. Qxh7#,43,white,2515,2402
Game397568,2435,2498,1. e4 g6 2. d4 Bg7 3. Nc3 d6 4. Be3 Nd7 5. g3 c6 6. Bg2 e5 7. h3 f5 8. Nge2 Ngf6 9. dxe5 dxe5 10. Qd6 Qe7 11. Qxe7+ Kxe7 12. O-O-O Re8 13. exf5 gxf5 14. Rhe1 Kf7 15. Bg5 Nb6 16. Rd6 h6 17. Bh4 Nc4 18. Rd3 Be6 19. b3 Nb6 20. Ng1 e4 21. Rdd1 Nh5 22. Nge2 Bf6 23. Bxf6 Nxf6 24. Nf4 Rad8 25. Nce2 Nbd5 26. Nxe6 Kxe6 27. Nd4+ Ke5 28. f4+ Kd6 29. Nxf5+ Kc7 30. Nxh6 Nc3 31. Rxd8 Rxd8 32. Kb2 Ncd5 33. Nf5 b5 34. h4 b4 35. Nd4 Nc3 36. Ne6+ Kd7 37. Nxd8 Kxd8 38. Bxe4 Nfxe4 39. g4 Ke7 40. h5 Kf6 41. g5+ Kf5 42. h6 Kg6 43. Rh1 Nf2 44. h7 Ncd1+ 45. Rxd1 Nxd1+ 46. Kc1 Kxh7 47. Kxd1 Kg6 48. Ke2 Kf5 49. Ke3 c5 50. Kd3 a5 51. Kc4 Kxf4 52. g6 Ke3 53. Kxc5 Kd2 54. Kb5 Kxc2 55. Kxa5 Kb2 56. Kxb4 Kxa2 57. g7 Ka1 58. g8=Q Kb1 59. Qg2 Ka1 60. Kc3 Kb1 61. Qb2#,61,white,2435,2498
Game397581,2509,2416,1. g3 Nf6 2. Bg2 c5 3. d3 Nc6 4. Nd2 d5 5. c3 Bg4 6. f3 Bf5 7. e4 Bg6 8. Nh3 e6 9. O-O Bd6 10. f4 dxe4 11. dxe4 e5 12. Kh1 Bc7 13. Qe2 O-O 14. f5 Bh5 15. Qe1 b5 16. Nf2 b4 17. h3 bxc3 18. bxc3 Ba5 19. Nc4 Bc7 20. g4 Qc8 21. gxh5 Nxh5 22. Ng4 f6 23. Qh4 Nf4 24. Bxf4 exf4 25. e5 Nxe5 26. Ncxe5 fxe5 27. Bd5+ Kh8 28. f6 gxf6 29. Nxf6 Qf5 30. Be4 Rxf6 31. Bxf5 Rxf5 32. Rad1 e4 33. Rd7,33,white,2509,2416
Game397634,2444,2493,1. d4 g6 2. e4 Bg7 3. Nc3 d6 4. Be3 Nd7 5. g3 c6 6. Bg2 e5 7. Nge2 Qe7 8. O-O f5 9. Qd2 Ngf6 10. Bh6 O-O 11. Bxg7 Kxg7 12. dxe5 dxe5 13. Rad1 Nb6 14. exf5 gxf5 15. b3 e4 16. Qg5+ Kh8 17. Nf4 Rg8 18. Qh4 Qg7 19. Rd6 Ng4 20. Nce2 Nd7 21. Nd4 Nde5 22. Nde6 Bxe6 23. Rxe6 Rae8 24. Rd1 Rxe6 25. Nxe6 Qf6 26. Qxf6+ Nxf6 27. Nd4 Rd8 28. f4 Nf7 29. b4 b6 30. Rd2 c5 31. Nb3 Rxd2 32. Nxd2 cxb4 33. Nc4 Nd5 34. Bh3 Nh6 35. Nd6 Ne7 36. Nb5 a5 37. Nc7 Kg7 38. Ne6+ Kf6 39. Nd4 Nd5 40. Kf2 Nc3 41. Nb3 Nxa2 42. Ke3 Nc3 43. Kd4 a4 44. Nc1 a3 45. Kc4 a2 46. Nxa2 Nxa2 47. Kb5 Nc3+ 48. Kxb4 Nd1 49. Kb5 Ne3 50. c4 Nhg4 51. Kxb6 Nf2 52. Kc5 Nxc4 53. Kd4 Nxh3 54. Kxc4 Nf2 55. Kc3 Ng4 56. Kd2 e3+ 57. Ke1 Nxh2 58. Ke2 Ng4 59. Ke1 h5 60. Ke2 h4 61. Kf3 hxg3 62. Kxg3 e2 63. Kf3,63,white,2444,2493
Game397681,2504,2425,1. g3 Nc6 2. Bg2 d5 3. d3 e5 4. Nd2 Nf6 5. c3 Bd6 6. Nh3 O-O 7. O-O Bg4 8. f3 Be6 9. e4 dxe4 10. dxe4 Bc5+ 11. Kh1 Qd3 12. Qe1 Rad8 13. f4 exf4 14. Nxf4 Qc2 15. Nxe6 fxe6 16. Nb3 Ng4 17. Nxc5 Nce5 18. h3 b6 19. hxg4 bxc5 20. Rxf8+ Rxf8 21. Bf4 Nxg4 22. Qc1 Qf2 23. Qd2 Qxd2 24. Bxd2 Rf2 25. Rd1 Ne5 26. Kg1 Re2 27. Kf1,27,white,2504,2425
Game397738,2451,2489,1. e4 g6 2. d4 Bg7 3. Nc3 d6 4. Be3 Nd7 5. Qd2 c6 6. O-O-O e5 7. h4 Qe7 8. h5 gxh5 9. Nge2 Ngf6 10. Ng3 exd4 11. Bxd4 Ne5 12. f4 Neg4 13. e5 dxe5 14. fxe5 Nd7 15. e6 fxe6 16. Bxg7 Qxg7 17. Nxh5 Qf7 18. Bc4 Nde5 19. Bb3 Bd7 20. Ne4 O-O 21. Rdf1 Qg6 22. Nhg3 Rxf1+ 23. Rxf1 Qh6 24. Qxh6 Nxh6 25. Nf6+ Kh8 26. Nge4 Be8 27. Bxe6 Bg6 28. Ng5 Rf8 29. Re1 Rxf6 30. Rxe5 Ng4 31. Bxg4 Rf1+ 32. Kd2 Rf2+ 33. Ke3 Rf4 34. Kxf4,34,white,2451,2489
Game397763,2500,2433,1. g3 c6 2. Bg2 d5 3. d3 e5 4. Nd2 Bd6 5. c3 Nf6 6. Nh3 Qc7 7. O-O Bg4 8. f3 Bh5 9. e4 Nbd7 10. Qe1 O-O-O 11. f4 h6 12. fxe5 Nxe5 13. d4 Nd3 14. Qe3 Nxc1 15. e5 Ng4 16. exd6 Qxd6 17. Qf4 Nd3 18. Qxd6 Rxd6 19. Nf4 Nxf4 20. Rxf4 Nf6 21. h3 Re8 22. g4 Bg6 23. Raf1 Rde6 24. Nb3 Re2 25. Nc5 Rxb2 26. h4 Ree2 27. Bf3 Red2 28. h5 Be4 29. Bxe4 dxe4 30. Re1 Rg2+ 31. Kf1 Nxg4 32. Rexe4 Nh2+,32,black,2500,2433
Game397807,2417,2510,1. e4 g6 2. d4 Bg7 3. Nc3 d6 4. Be3 Nd7 5. Qd2 c6 6. O-O-O e5 7. f4 Ngf6 8. Nf3 Ng4 9. Bg1 exf4 10. h3 Ne3 11. Bxe3 fxe3 12. Qxe3 Qe7 13. Kb1 Nb6 14. g4 Be6 15. Bd3 O-O-O 16. Rhf1 d5 17. e5 Rhe8 18. Qg5 f6 19. exf6 Bxf6 20. Qh6 Bg7 21. Qg5 Bf6 22. Qh6 Rf8 23. Rde1 Rde8 24. g5 Bh8 25. Ne5 Bxe5 26. Rxf8 Rxf8 27. Rxe5 Re8 28. h4 Nd7 29. Re1 Qf7 30. h5 Bf5 31. Rxe8+ Qxe8 32. a3 Bxd3 33. cxd3 Qf7 34. hxg6 hxg6 35. Qh8+ Kc7 36. Qh2+ Kd8 37. Qd6 Qf5 38. Ka2 Qxg5 39. Na4 Qf6 40. Qh2 Qxd4 41. Nc3 Qxd3 42. Qh4+ Kc8 43. Qe7 Qc4+ 44. Ka1 Qf4 45. Qe8+ Kc7 46. Qh8 Qf1+ 47. Ka2 Qc4+ 48. b3 Qf4 49. Kb2 Qd2+ 50. Kb1 d4 51. Na4 Qd3+ 52. Kb2 Qe2+,52,black,2417,2510
Game397849,2494,2441,1. g3 d5 2. Bg2 Nf6 3. d3 e5 4. Nd2 Bg4 5. c3 Nc6 6. f3 Bh5 7. Nh3 Qd7 8. e4 O-O-O 9. Nf2 Bc5 10. Qe2 g5 11. Nb3 Bb6 12. Bxg5 Qe6 13. Be3 d4 14. Bh3 dxe3 15. Bxe6+ fxe6 16. Ng4 Bxg4 17. fxg4 h5 18. gxh5 Nxh5 19. O-O-O Rdf8 20. Rdf1 Rf2 21. Rxf2 exf2 22. Rf1 Nf6 23. d4 exd4 24. Qxf2 Nxe4 25. Qf3 Nd6 26. cxd4 Bxd4 27. Nxd4 Nxd4 28. Qe3 N6f5 29. Qe5 Rxh2 30. Rxf5 Ne2+ 31. Kd2 exf5 32. Qe8#,32,white,2494,2441
Game397902,2461,2481,1. e4 g6 2. d4 Bg7 3. Nc3 d6 4. Be3 Nd7 5. Qd2 c6 6. h4 e5 7. h5 gxh5 8. Nge2 Ngf6 9. Ng3 exd4 10. Bxd4 Ne5 11. Nf5 Bxf5 12. exf5 Qe7 13. O-O-O O-O-O 14. f4 Neg4 15. Bxa7 Rde8 16. Rh3 Bh6 17. Rf3 Ne4 18. Nxe4 Qxe4 19. Qa5 Bxf4+ 20. Kb1 Qe5 21. Qb6 Ne3 22. Ba6 Re7 23. Qxc6+ Kd8 24. Bb6+ Rc7 25. Bxc7+ Ke7 26. Qxb7 Nxd1 27. a3 Kf6 28. Qb6 Kg5 29. Bd8+ f6 30. Qc7 Qxb2#,30,black,2461,2481
Game475237,2402,2491,1. d4 Nf6 2. c4 g6 3. Nc3 Bg7 4. e4 d6 5. f4 O-O 6. Nf3 c5 7. d5 e6 8. Be2 exd5 9. cxd5 Re8 10. e5 dxe5 11. fxe5 Ng4 12. e6 f5 13. d6 Bxe6 14. Ng5 Qd7 15. O-O Nc6 16. Nb5 Nd4 17. Nc7 Qxd6 18. Nxa8 Rxa8 19. Nxe6 Qxe6 20. Bxg4 fxg4 21. Bf4 Rf8 22. Kh1 b6 23. Qd2 h5 24. Rae1 Qxa2 25. Bh6 Rf7 26. Re8+ Kh7 27. Rxf7 Qxf7 28. Bxg7 Qxe8 29. Bxd4 cxd4 30. Qxd4 Qe1+ 31. Qg1 Qxg1+ 32. Kxg1 Kh6 33. Kf2 Kg5 34. Ke3 Kf5 35. Kd4 Kf4 36. Kd5 h4 37. Kc6 h3 38. g3+ Kf3 39. Kb7 Kg2 40. Kxa7 Kxh2 41. Kxb6 Kxg3 42. Kc6 h2 43. b4 h1=Q+ 44. Kc7 Qa8 45. b5 Kf3 46. b6 g3 47. Kd6 Qb7 48. Kc5 g2 49. Kb5 g1=Q 50. Kc4 Qe3 51. Kb5 Qbxb6+ 52. Kc4 Qed4#,52,black,2402,2491
Game475306,2422,2473,1. d4 Nf6 2. c4 g6 3. g3 c5 4. Bg2 cxd4 5. Nf3 Nc6 6. O-O Bg7 7. Nxd4 O-O 8. Nc3 e5 9. Nc2 Re8 10. b3 d6 11. Ba3 Bf5 12. Ne3 Nd4 13. Nxf5 gxf5 14. e3 Nc6 15. Bxd6 e4 16. Ba3 Qa5 17. Bb2 Nb4 18. Nb5 Rad8 19. Nd4 Nd3 20. Qc2 Ng4 21. Bc3 Qe5 22. Nb5 Qc5 23. Bxg7 Kxg7 24. Rad1 Ndxf2 25. Rxf2 Qxe3 26. Rf1 a6 27. Qc3+ Qxc3 28. Nxc3 Nxf2 29. Kxf2 Rd2+ 30. Kg1 e3 31. Bf3 Rc2 32. Ne2 Rxa2 33. Rd1 Rb2 34. Rd3 a5 35. Kg2 b5 36. cxb5 a4 37. b6 a3 38. Rd4 a2 39. Ra4 Rb1,39,black,2422,2473
Game475376,2441,2458,1. h4 d5 2. a3 Nf6 3. h5 e5 4. h6 g6 5. b4 Be6 6. Bb2 Nbd7 7. Nf3 Bd6 8. e3 c6 9. c4 O-O 10. cxd5 cxd5 11. Nc3 a6 12. Be2 Rc8 13. Ng5 Re8 14. Qb3 Nb6 15. Nxe6 Rxe6 16. a4 Nc4 17. Nxd5 Nxd2 18. Nxf6+ Rxf6 19. Qa2 Bxb4 20. Rd1 Qa5 21. f4 Ne4+ 22. Kf1 Ng3+ 23. Kf2 Nxh1+ 24. Rxh1 Bc3 25. Rc1 exf4 26. Rxc3 Rxc3 27. Qa1 fxe3+ 28. Kg1 Rfc6 29. Bxc3 Qxc3,29,black,2441,2458
Game475441,2444,2457,1. e4 e6 2. d4 d5 3. Nc3 Nf6 4. Bg5 Bb4 5. e5 h6 6. Be3 Ne4 7. Qg4 g6 8. Bd3 Nxc3 9. a3 Ba5 10. Bd2 c5 11. bxc3 cxd4 12. cxd4 Bxd2+ 13. Kxd2 Nc6 14. Ne2 Bd7 15. Rhb1 Qa5+ 16. c3 O-O-O 17. Ke1 Rhg8 18. Qf4 Rdf8 19. Qxh6 f6 20. exf6 Rxf6 21. Qh4 Rgf8 22. Rb2 e5 23. Kf1 e4 24. Bb5 Rxf2+ 25. Qxf2 Rxf2+ 26. Kxf2 Qc7 27. g3 Bg4 28. Nf4 g5 29. Ng2 Qf7+ 30. Kg1 Qf3 31. Bxc6 bxc6 32. Re1 Qxc3 33. Rf2 Bf3 34. h4 Bxg2 35. Ree2 Bf3 36. Rb2 Qxd4 37. Kh2 g4 38. Rbd2 e3 39. Rb2 exf2,39,black,2444,2457
Game475533,2441,2457,1. d4 d5 2. c4 Nf6 3. cxd5 Qxd5 4. Nf3 c5 5. Nc3 Qd6 6. d5 a6 7. e4 Nbd7 8. h3 e6 9. g3 Be7 10. Bf4 e5 11. Be3 b5 12. Nh4 g6 13. Bg2 b4 14. Na4 O-O 15. O-O Bb7 16. b3 Rac8 17. Nb2 Ne8 18. Nc4 Qb8 19. f4 Bxh4 20. gxh4 Ng7 21. f5 Nf6 22. Bg5 Ngh5 23. Kf2 a5 24. Bf3 Ba6 25. Bxf6 Nxf6 26. h5 Bxc4 27. bxc4 gxf5 28. Rg1+ Kh8 29. h6 fxe4 30. Be2 Rg8 31. Qd2 Rg6 32. Rxg6 hxg6 33. Qg5 Qd6 34. Rg1 a4 35. h4 Kh7 36. h5 Rg8 37. Qe3 Qb8 38. Bd1 b3 39. axb3 a3 40. Bc2 Qb4 41. Bxe4 Nxe4+ 42. Qxe4 Qc3 43. hxg6+ fxg6 44. Rg3 Qd4+,44,black,2441,2457
Game475605,2444,2457,1. e4 e6 2. d4 d5 3. Bd3 c5 4. exd5 exd5 5. Nf3 Nc6 6. O-O cxd4 7. Re1+ Be7 8. Bb5 Nf6 9. Nxd4 Bd7 10. Nxc6 bxc6 11. Be2 O-O 12. c4 Bd6 13. cxd5 cxd5 14. h3 Qc8 15. Nc3 Bxh3 16. gxh3 Qxh3 17. Bf3 Bh2+ 18. Kh1 Bg3+ 19. Kg1 Qh2+ 20. Kf1 Qxf2#,20,black,2444,2457
Game475629,2442,2457,1. d4 Nf6 2. c4 e6 3. Nc3 Bb4 4. e3 c5 5. Ne2 O-O 6. a3 Bxc3+ 7. Nxc3 cxd4 8. exd4 d5 9. c5 e5 10. dxe5 Re8 11. Be2 Rxe5 12. O-O d4 13. b4 Nc6 14. Nb5 Be6 15. Bb2 Rd5 16. Nd6 Rxd6 17. cxd6 Qxd6 18. b5 Ne5 19. Qxd4 Qxd4 20. Bxd4 Nfd7 21. Rfc1 f6 22. Rc7 Rb8 23. f4,23,white,2442,2457
Game475702,2469,2428,1. e4 e6 2. d4 d5 3. Nd2 Be7 4. Ngf3 Nf6 5. Bd3 c5 6. e5 Nfd7 7. c3 Nc6 8. O-O g5 9. h3 h5 10. b4 cxb4 11. cxb4 Nxb4 12. Nb3 Nxd3 13. Qxd3 Nb8 14. Bd2 Nc6 15. Rac1 Kd7 16. Nc5+ Bxc5 17. Rxc5 g4 18. Ng5 Qg8 19. h4 b6 20. Rc2 Bb7 21. Rfc1 Qg6 22. Qb5 Rhc8 23. Be3 f6 24. exf6 Qxf6 25. f3 gxf3 26. Nxf3 Ke7 27. Bg5 Qxg5 28. Nxg5 Rf8 29. Rxc6 Rf4 30. Rxe6+ Kf8 31. Qd7 Ba6 32. Rh6,32,white,2469,2428
Game475789,2444,2455,1. h4 d5 2. a3 Nc6 3. h5 e5 4. b4 Nf6 5. Bb2 a6 6. h6 gxh6 7. e3 Bf5 8. Nf3 Qd6 9. c4 d4 10. c5 Qd5 11. Qc1 d3 12. Nc3 Qd7 13. Nh4 Bg6 14. g3 O-O-O 15. Nxg6 hxg6 16. Bh3 Ng4 17. f3 f5 18. fxg4 fxg4 19. Bg2 Be7 20. Qd1 g5 21. Qb3 h5 22. O-O-O h4 23. Ne4 h3 24. Bf1 Rdf8 25. Qxd3 Qe6 26. Be2 Rd8 27. Qc2 Rhf8 28. Kb1 Na7 29. d4 exd4 30. Bxd4 Nb5 31. Bxb5 axb5 32. c6 b6 33. Nc3 Qxc6 34. Rc1 Rf3 35. Qd3 Qc4 36. Qxc4 bxc4 37. Nb5 Bf6 38. Rxc4 Bxd4 39. exd4 Rxg3 40. Rxc7+ Kb8 41. Rhc1 h2 42. Rh7 Rg1 43. Rxh2 Rxc1+ 44. Kxc1 Rd5 45. Kb2 Rxb5 46. Kb3 Rf5 47. a4 Rf3+ 48. Kc4 g3 49. Kb5 g4,49,black,2444,2455
Game494121,2435,2510,1. g3 e5 2. Bg2 d5 3. d3 c6 4. Nd2 f5 5. c3 Nf6 6. Nh3 Bd6 7. O-O O-O 8. e4 fxe4 9. dxe4 d4 10. cxd4 exd4 11. f4 Ng4 12. Nc4 Bc5 13. f5 b5 14. Qxg4 bxc4 15. Qh5 Nd7 16. Ng5 Nf6 17. Qh4 d3+ 18. Kh1 h6 19. Ne6 Bxe6 20. fxe6 Qe7 21. Bf4 Qxe6 22. e5 Nd5 23. Bh3 Qe7 24. Qh5 Nxf4 25. gxf4 Rad8 26. Qg4 Kh8 27. Rg1 Bxg1 28. Rxg1 d2 29. Rd1 Qf7 30. e6 Qxf4 31. e7 Qxg4 32. Bxg4 Rfe8 33. exd8=Q Rxd8 34. Kg2 g5 35. Kf2 Kg7 36. Ke2 Rd4 37. Bf3 Rh4 38. Rxd2 Rxh2+ 39. Ke3 Rh3 40. Rd7+ Kf6 41. Kf2 h5 42. Kg2 g4 43. Bxc6 c3 44. bxc3 Rxc3 45. Be4 Kg5 46. Rd5+ Kh4 47. Bg6 Ra3 48. Rxh5#,48,white,2435,2510
Game523506,2513,2539,1. e4 g6 2. d4 Bg7 3. c3 d6 4. Bd3 Nd7 5. Nf3 c6 6. O-O Nh6 7. Re1 O-O 8. Be3 e5 9. Qd2 Ng4 10. h3 Nxe3 11. fxe3 f5 12. exf5 gxf5 13. e4 f4 14. h4 Qf6 15. Qe2 Kh8 16. Nbd2 Qh6 17. Ng5 Nb6 18. Ndf3 Bf6 19. a4 Bg4 20. Kf2 exd4 21. cxd4 Bxd4+ 22. Kf1 Bf6 23. e5 dxe5 24. Qe4 Nd5 25. Ke2 Bg7 26. Red1 Bf5 27. Qc4 Bxd3+ 28. Qxd3 Rae8 29. Kf1 Ne3+ 30. Kg1 Nxd1 31. Qxd1 e4 32. Nd4 Qxh4 33. Nde6 Bf6 34. Qd7 Bxg5 35. Qg7#,35,white,2513,2539
Game523518,2549,2501,1. g3 e6 2. Bg2 d5 3. d3 Nf6 4. Nd2 Nbd7 5. c3 c6 6. Nh3 Bd6 7. O-O e5 8. e4 O-O 9. f4 b6 10. fxe5 Nxe5 11. d4 Neg4 12. Qe2 dxe4 13. Nxe4 Nxe4 14. Qxe4 Nf6 15. Qxc6 Rb8 16. Qb5 Bd7 17. Qd3 Re8 18. Bg5 Be7 19. Rae1 h6 20. Bc1 Be6 21. Nf4 Bxa2 22. c4 Rc8 23. b3 Bb4 24. Rxe8+ Qxe8 25. Qc2 Bxb3 26. Qxb3 Ne4 27. Qxb4,27,white,2549,2501
Game523550,2515,2537,1. e4 g6 2. d4 Bg7 3. c3 d6 4. Bd3 Nd7 5. Nf3 c6 6. h3 Nh6 7. O-O O-O 8. Be3 f6 9. Qd2 Nf7 10. Na3 e5 11. Nc2 Qe7 12. Rad1 Nb6 13. Rfe1 f5 14. exf5 gxf5 15. Bg5 Nxg5 16. Qxg5 Qxg5 17. Nxg5 e4 18. Bf1 h6 19. Nxe4 fxe4 20. Rxe4 Bf5 21. Re2 Rae8 22. Ne3 Bg6 23. a4 Bh5 24. g4 Bg6 25. a5 Nd7 26. Bg2 Nf6 27. b4 Nd5 28. Bxd5+ cxd5 29. Rde1 Rf3 30. Nxd5 Rxe2 31. Rxe2 Bf7 32. Ne7+ Kh7 33. Kg2 Rxc3 34. Nf5 Bd5+ 35. Kh2 Bf6 36. Re8 Rc2 37. Rf8 Bg5 38. Kg3 Bd2 39. h4 Bxb4 40. h5 Be1 41. Ne3 Re2 42. Nxd5 Rd2 43. Ne3 Rxd4 44. Rf3 Re4 45. Nf5 d5 46. Nd6 Ra4 47. Re3 Bb4 48. Re7+ Kg8 49. Nf5 Bxe7 50. Nxe7+ Kf7 51. Nxd5 Ra3+ 52. Ne3 Rxa5 53. f4 Ra4 54. Kf3 Ra5 55. g5 Kg7 56. g6 Ra4 57. Kg4 Ra5 58. Nf5+ Kf6 59. Nxh6 Ra1 60. Nf5 Rg1+ 61. Ng3 Rb1 62. f5 Rb6 63. h6 Rb4+ 64. Kh5 Rb1 65. g7 Rg1 66. Kg4 Kf7 67. f6 Kg8 68. h7+ Kf7 69. g8=Q+,69,white,2515,2537
Game523601,2547,2503,1. g3 e6 2. Bg2 d5 3. d3 Nf6 4. Nd2 Nbd7 5. c3 b6 6. Nh3 Bb7 7. O-O Bd6 8. e4 c5 9. f4 Bc7 10. g4 O-O 11. g5 Ne8 12. f5 Nd6 13. f6 g6 14. Qg4 Ne5 15. Qh4 h5 16. gxh6 Nxd3 17. h7+ Kh8 18. Qh6 Ne8 19. exd5 Qd6 20. Nf3 Bxd5 21. Nhg5 Nxf6 22. Qh4 Nh5 23. Be3 Bc6 24. Rad1 Rad8 25. Ne1 Qxh2+ 26. Qxh2 Bxh2+ 27. Kxh2 Ne5 28. Rxd8 Rxd8 29. Nxf7+ Nxf7 30. Rxf7 Bxg2 31. Nxg2 Ng7 32. Nh4 Kxh7 33. Rxa7 Rd5 34. Nf3 Rh5+ 35. Kg3 Kg8 36. Ng5 Nf5+ 37. Kf4 Nxe3 38. Ra8+ Kg7 39. Nxe6+ Kf6 40. Ra7 Rf5+ 41. Kxe3 Re5+ 42. Kd3 Rxe6 43. Ra8 Rc6 44. Kc4 Rd6 45. Ra6 Ke5 46. Kb5 g5 47. Ra8 g4 48. Rd8 Kf4 49. Re8 g3 50. Rf8+ Ke3 51. Re8+ Kf2 52. Rf8+ Kg1 53. Rf7 Rd2 54. Rf3 g2 55. Re3 Rf2 56. Re2 Kh2 57. Re1,57,white,2547,2503
Game523664,2517,2535,1. e4 g6 2. d4 Bg7 3. c3 d6 4. Bd3 Nd7 5. Nf3 c6 6. O-O Nh6 7. h3 O-O 8. Bg5 f6 9. Be3 e5 10. Nbd2 f5 11. Bg5 Qe8 12. Qb3+ Kh8 13. Rae1 f4 14. dxe5 dxe5 15. Bc4 Nf7 16. Bh4 h6 17. Rd1 g5 18. Bxf7 Qxf7 19. Qxf7 Rxf7 20. Bxg5 hxg5 21. Nxg5 Rf6 22. Ndf3 Bh6 23. h4 Kg7 24. g4 Bxg5 25. hxg5 Re6 26. Kg2 Re8 27. Rh1 Nc5 28. Rde1 Bxg4 29. Nh4 Rh8 30. f3 Be6 31. Nf5+ Bxf5 32. exf5 Rae8 33. f6+ Kg6 34. Rxh8 Rxh8 35. Rxe5 Nd3 36. Re7 Kxg5 37. f7 Kf6 38. Rxb7 Ne1+ 39. Kf1 Nd3 40. Rxa7 Ne5 41. Ke2 Nxf7 42. Rc7 Rh2+ 43. Kd3 Ne5+ 44. Ke4 Re2+ 45. Kxf4 Nd3+ 46. Kg3 Ke6 47. Rxc6+ Kd5 48. Rg6 Ne5 49. Rg5 Re1 50. f4 Kd6 51. Kf2 Rc1,51,black,2517,2535
Game523699,2523,2530,1. g3 e6 2. Bg2 d5 3. d3 Nf6 4. Nd2 Nbd7 5. c3 Bd6 6. Nh3 e5 7. O-O c6 8. e4 O-O 9. f4 Re8 10. fxe5 Nxe5 11. d4 Bg4 12. Qc2 Nc4 13. Nxc4 dxc4 14. e5 Bxe5 15. dxe5 Rxe5 16. Nf4 h5 17. h3 Qb6+ 18. Qf2 Qxf2+ 19. Rxf2 Bf5 20. Bf1 Rae8 21. Bxc4 Re1+ 22. Rf1 Rxf1+ 23. Kxf1 Ne4 24. Kg2 Nd6 25. Bb3 Re1 26. Nxh5 Be4+ 27. Kf2 Rh1 28. Nf4 Rh2+ 29. Ke3 Bh7 30. a4 Nf5+ 31. Kf3 Nd6 32. Be3 Be4+ 33. Kg4 Bf5+ 34. Kh4 Kh7 35. g4 Be4 36. Re1 Rxb2 37. Bg1 Rxb3 38. Bc5 f6 39. Kg3 Rxc3+ 40. Be3 Bd5 41. Kf2 Ne4+ 42. Kg1 g5 43. Ne2 Rxe3 44. Nd4 Rxe1+,44,black,2523,2530
Game523738,2518,2534,1. e4 g6 2. d4 Bg7 3. c3 d6 4. Bd3 Nd7 5. Nf3 c6 6. Be3 Nh6 7. Qd2 Ng4 8. Bf4 e5 9. Bg5 f6 10. Be3 O-O 11. h3 Nxe3 12. Qxe3 f5 13. Nbd2 f4 14. Qe2 Qe7 15. O-O Nb6 16. dxe5 dxe5 17. Nc4 g5 18. Rad1 g4 19. hxg4 Bxg4 20. Nxb6 axb6 21. Bc4+ Kh8 22. Rd3 Bf6 23. Rfd1 Rg8 24. Bxg8 Rxg8 25. Qd2 Qg7 26. Qe2 Bh3 27. Kf1 Qxg2+ 28. Ke1 Bg4 29. Kd2 Qh3 30. Rg1 Qh5 31. Kc1 Be7 32. Kb1 Bc5 33. Rgd1 Be7 34. Rg1 Rg7 35. c4 Bxf3 36. Qxf3 Rxg1+ 37. Kc2 Qh1 38. Qxh1 Rxh1 39. Rd7 Rh2 40. Rxb7 Rxf2+ 41. Kb3 Bc5 42. Ka4 Rxb2 43. Rb8+ Kg7 44. Rc8 Rb4+ 45. Ka3 Kg6 46. Rxc6+ Kg5 47. Re6 Rxc4+ 48. Kb2 Rxe4 49. Kc2 Bd4 50. Kd3 Re3+ 51. Kc4 h5 52. Kd5 f3 53. a4 f2 54. a5 f1=Q 55. a6 Qg2+ 56. Kd6 Rc3 57. a7 Rc6+,57,black,2518,2534
Game523787,2523,2530,1. g3 e6 2. Bg2 d5 3. d3 Nf6 4. Nd2 b6 5. c3 Bb7 6. Nh3 Nbd7 7. O-O e5 8. e4 Bd6 9. f4 dxe4 10. dxe4 O-O 11. f5 h5 12. Nf2 Nc5 13. Qe2 Qe7 14. h3 Rad8 15. g4 hxg4 16. hxg4 Nh7 17. Nc4 Ng5 18. Nxd6 Rxd6 19. Nh3 Nxh3+ 20. Bxh3 Bxe4 21. b4 Bd3 22. Qf2 Bxf1 23. bxc5 Bxh3 24. cxd6 Qxd6 25. Qf3 Qc5+ 26. Kh2 Bxg4 27. Qxg4 Qxc3 28. Bh6 Qb2+ 29. Qg2 Qxg2+ 30. Kxg2 gxh6 31. Kf3 Kg7 32. Ke4 Kf6 33. Rh1 Rh8 34. Rc1 c5 35. Rd1 Rg8 36. Rd6+ Ke7 37. Rxh6 f6 38. Rh7+ Kd6 39. Rf7 Rg4+ 40. Ke3 Kd5 41. Rxf6 Rg3+ 42. Kf2 Ra3 43. Rf8 e4 44. f6 Rxa2+ 45. Kg3 Ra3+ 46. Kg4 Rf3 47. Kg5 Kc4 48. Rd8 e3 49. Re8 a5 50. Re5 a4 51. Rf5 Rxf5+ 52. Kxf5 e2 53. f7 e1=Q 54. f8=Q Qf1+,54,black,2523,2530
Game523833,2518,2534,1. e4 g6 2. Nc3 Bg7 3. Nf3 d6 4. Bc4 Nh6 5. d3 Nd7 6. O-O c6 7. Be3 e5 8. Qd2 Ng4 9. h3 Nxe3 10. fxe3 O-O 11. Ne2 Qe7 12. Bb3 Kh8 13. Rf2 Nc5 14. Raf1 f5 15. exf5 gxf5 16. Ng3 Qf6 17. Ne2 Qg6 18. Nh4 Qg5 19. Nf3 Qh6 20. Ng3 Nxb3 21. axb3 Be6 22. e4 f4 23. Ne2 Bf6 24. d4 Rg8 25. dxe5 dxe5 26. Kh2 Rg7 27. Qd6 Re8 28. Nxe5 Bxh3 29. Nf7+ Rxf7 30. gxh3 f3 31. Nf4 Qh4 32. Rxf3 Be5 33. Qd2 Ref8 34. Qf2 Qxf2+ 35. R1xf2 Rxf4 36. Kh1 Rxf3 37. Rxf3 Rxf3 38. Kg2 Rg3+ 39. Kf2 Rg6 40. Ke2 Bf4 41. Kd3 Be5 42. Kc4 Rg3 43. b4 b6 44. b5 Rg4 45. bxc6 Rxe4+ 46. Kd5 Rd4+ 47. Kxe5 Rd8 48. c7 Re8+ 49. Kd6 Re2 50. Kd7 Rd2+ 51. Kc6 Rxc2+ 52. Kb7 a5 53. c8=Q+ Rxc8 54. Kxc8 b5 55. Kb7 b4 56. Kb6 a4 57. Ka5 a3 58. Kxb4 axb2 59. Kc5 b1=Q 60. Kd4 Qh1 61. Ke5 Qxh3 62. Kf4 Qh5 63. Kg3 Qg6+ 64. Kf4 h5 65. Ke3 Qg4 66. Kf2 h4 67. Ke1 h3 68. Kd2 h2 69. Kc3 Qg2,69,black,2518,2534
Game523896,2523,2531,1. g3 g6 2. Bg2 Bg7 3. d3 Nf6 4. Nd2 O-O 5. c3 d6 6. Nh3 Nbd7 7. O-O e5 8. e4 c6 9. f4 Ne8 10. f5 Bh6 11. g4 f6 12. Nc4 Bxc1 13. Qxc1 g5 14. Nf2 h6 15. h4 Kg7 16. Bf3 b5 17. Ne3 a5 18. Kg2 Qb6 19. Rh1 Bb7 20. Qd2 Rh8 21. Rh3 Nc7 22. Rah1 Nc5 23. R1h2 d5 24. Qe1 d4 25. cxd4 exd4 26. Nc2 Nd7 27. Qh1 Ne5 28. hxg5 fxg5 29. Rxh6 Nf7 30. Rh7+ Rxh7 31. Rxh7+ Kf8 32. Qh5 Ne5 33. Qxg5 Ne8 34. Qe7+ Kg8 35. f6 Qd8 36. f7+ Kxh7 37. fxe8=Q+ Kh6 38. Qh5#,38,white,2523,2531
Game523928,2542,2512,1. e4 g6 2. g3 Bg7 3. Nf3 d6 4. Bg2 Nd7 5. O-O c6 6. d3 Nh6 7. c3 O-O 8. Nbd2 e5 9. h3 f5 10. Ne1 f4 11. g4 Nf7 12. f3 Nf6 13. Kf2 h5 14. Rh1 Nh7 15. h4 hxg4 16. fxg4 g5 17. h5 Nh6 18. Bf3 Nf6 19. Rg1 Bd7 20. d4 Qc8 21. dxe5 dxe5 22. Nc4 Nfxg4+ 23. Bxg4 Bxg4 24. Rxg4 Nxg4+ 25. Kg1 Nh6 26. Nf3 Qg4+ 27. Kf1 Qg3 28. Ncxe5 Rae8 29. Qd6 Ng4 30. Nxg4 Qxf3+ 31. Nf2 Rxe4 32. Bd2 Re2 33. Be1 g4 34. h6 Rfe8 35. Qg6 Rxf2+ 36. Bxf2 Qh1+ 37. Bg1 Qh3+ 38. Kf2 Qg3+ 39. Kf1 Qh3+ 40. Kf2 Qf3#,40,black,2542,2512
Game523974,2502,2553,1. g3 e6 2. Bg2 d5 3. d3 Nf6 4. Nd2 Nbd7 5. c3 Bd6 6. Nh3 e5 7. O-O c6 8. e4 O-O 9. f4 Qe7 10. fxe5 Nxe5 11. d4 Neg4 12. e5 Ne3 13. exf6 gxf6 14. Qh5 Nxf1 15. Nxf1 Re8 16. Bf4 Bxf4 17. Nxf4 f5 18. Nd3 Qf6 19. Ne5 Be6 20. Ne3 Kh8 21. Rf1 Rg8 22. Nxf5 Rg5 23. Qh6 Rxf5 24. Qxf6+ Rxf6 25. Rxf6 Kg7 26. Rf4 a5 27. Nf3 Re8 28. Kf2 b5 29. Nh4 a4 30. Nf5+ Kh8 31. Ne3 a3 32. b4 Kg7 33. Bf3 f6 34. Bg4 Bxg4 35. Rxg4+ Kf7 36. Rf4 Re6 37. Ng4 Kg6 38. Rf3 h5 39. Ne3 Kf7 40. Ng2 Kg6 41. Re3 Rd6 42. Nf4+ Kg5 43. Re6 Rd8 44. h4+ Kg4 45. Rxf6 Re8 46. Rg6+ Kf5 47. Kf3 Re1 48. Rg5+ Kf6 49. Rxh5 Rf1+ 50. Kg4 Ra1 51. Rf5+ Kg7 52. h5 Kh8 53. Re5 Rxa2 54. Re8+ Kg7 55. Ra8 Kf6 56. h6,56,white,2502,2553
Game580447,2431,2411,1. Nf3 g6 2. d4 Bg7 3. c4 d6 4. Nc3 Nd7 5. e4 c6 6. Be2 Nh6 7. h4 e5 8. d5 c5 9. h5 Qe7 10. g3 Nf6 11. Nd2 a6 12. Nf1 gxh5 13. Bxh5 Nxh5 14. Qxh5 Ng4 15. Ne3 Nxe3 16. Bxe3 h6 17. O-O Bd7 18. a4 O-O-O 19. Rab1 Rdf8 20. b4 f5 21. bxc5 dxc5 22. exf5 Rxf5 23. Qe2 e4 24. d6 Qxd6 25. Nd5 Be5 26. Rfd1 Kb8 27. Nb6 Bd4 28. Bxd4 cxd4 29. Qxe4 Rf7 30. Rxd4 Qc7 31. Nxd7+ Rxd7 32. Rxd7 Qxd7 33. Qe5+ Ka7 34. Qxh8 Qd2 35. Qb2 Qd7 36. Qb6+ Kb8 37. c5 Qc7 38. Qxc7+ Kxc7 39. Rb6,39,white,2431,2411
Game582240,2546,2406,1. e4 g6 2. d4 Bg7 3. f4 d6 4. Nf3 Nd7 5. Be3 c6 6. c3 Nh6 7. h3 f5 8. e5 dxe5 9. dxe5 e6 10. Bc4 Qe7 11. Nbd2 Nf7 12. Qc2 Nb6 13. Bb3 h6 14. g4 g5 15. gxf5 exf5 16. Bxf7+ Qxf7 17. fxg5 Be6 18. gxh6 Bxh6 19. Bxh6 Rxh6 20. Ng5 Qh5 21. Nxe6 Rxe6 22. Kf2 O-O-O 23. Nf3 Nd5 24. Rad1 Rg8 25. Rdg1 Rge8 26. Rg5 Qh8 27. Qxf5 Kb8 28. Rhg1 Rf8 29. Qe4 Qxh3 30. R5g3 Qh5 31. Rg5 Qe8 32. Rg7 Rxe5 33. Qd4 Re2+ 34. Kg3 Re3 35. Rf1 Qe6 36. Kg2 Qf5 37. Qc5 Rxf3 38. Qd6+ Ka8 39. Qe7 Rf2+ 40. Kg1 Rxf1+,40,black,2546,2406
Game584500,2434,2409,1. d4 Nf6 2. c4 g6 3. Nc3 Bg7 4. e4 d6 5. Nf3 Nbd7 6. Be2 O-O 7. Be3 e5 8. dxe5 dxe5 9. h3 c6 10. Qd2 Qc7 11. O-O-O b6 12. Qd6 Qxd6 13. Rxd6 Bb7 14. Rhd1 Rfd8 15. Nxe5 Bf8 16. Rxd7 Nxd7 17. Rxd7 Bg7 18. Rxb7 Bxe5 19. c5 b5 20. Kc2 a5 21. f4 Bd4 22. Bxd4 Rxd4 23. Bf3 Rad8 24. Rc7 Rd2+ 25. Kb3 R8d4 26. a4 Rb4+ 27. Ka3 Rdxb2 28. Bd1 Rxg2 29. Rxc6 Rg3 30. axb5 Rxc3+ 31. Ka2 Rxb5 32. Rc8+ Kg7 33. c6 a4 34. Bxa4 Ra5 35. Kb2 Rcc5 36. Bb3 Rab5 37. Rc7 Rb6 38. Rxf7+ Kh6 39. f5 gxf5 40. exf5 Rcxc6 41. Re7 Rf6 42. Re6 Rfxe6 43. fxe6 Rb5 44. Kc3 Re5 45. Bc4 Re1 46. Bd3 Kg5 47. Kd4 Kf6 48. Be4 Ke7 49. Bd5 Rh1 50. Bc4 Rh2 51. Bd3 Rxh3 52. Be4 Rh4,52,black,2434,2409
Game696718,2531,2432,1. e4 g6 2. Nc3 Bg7 3. Nf3 d6 4. d4 Nd7 5. Bc4 Nh6 6. Bxh6 Bxh6 7. e5 O-O 8. e6 fxe6 9. Bxe6+ Kh8 10. O-O Nb6 11. d5 Bxe6 12. dxe6 Qe8 13. Qd4+ Bg7 14. Qh4 Bf6 15. Ng5 Bxg5 16. Qxg5 Rf5 17. Qg3 Qf8 18. Rae1 Qf6 19. Ne4 Qxe6 20. Nc5 Qf7 21. Nxb7 Rb8 22. Na5 Rxa5 23. Qc3+ Re5 24. g4 Qf6 25. f4 Rxe1 26. Qxf6+ exf6 27. Rxe1 Nd5 28. c4 Nxf4 29. Re7 Rxb2 30. Rxc7 Rxa2 31. Rd7 Rc2 32. Rxd6 Rxc4 33. Rxf6 Kg7 34. Ra6 Rc7 35. h4 Rf7 36. Kh2 Nd5 37. Rd6 Ne3 38. Kg3 h5 39. gxh5 gxh5 40. Ra6 Ng4 41. Rc6 Nf6 42. Kf4 Kg6 43. Ra6 Re7 44. Ra4 Re4+ 45. Rxe4 Nxe4 46. Kxe4 Kf6 47. Kd4 Kf5 48. Ke3 Kg4 49. Kf2 Kxh4 50. Ke3 Kg4 51. Kf2 h4 52. Kg2 h3+ 53. Kf2 a5 54. Ke2 a4 55. Kd2 a3 56. Kc3 h2 57. Kb3 h1=Q 58. Kxa3 Qb7 59. Ka4 Kf4 60. Ka3 Ke4 61. Ka4 Kd4 62. Ka3 Kc4 63. Ka2 Qb3+ 64. Ka1 Qb4 65. Ka2 Kc3 66. Ka1 Qb2#,66,black,2531,2432
Game696798,2423,2540,1. g3 d6 2. Bg2 Bh3 3. d3 Bxg2 4. f3 Bxh1 5. Kf2 Nc6 6. Nh3 Qd7 7. Nf4 g5 8. Nd5 e6 9. Ndc3 Bxf3 10. exf3 h6 11. Nd2 Bg7 12. Ne2 Bd4+ 13. Kf1 Be3 14. Ne4 Bxc1 15. Rxc1 d5 16. Nc5 Qe7 17. d4 Nf6 18. b3 O-O 19. f4 b6 20. Nd3 Ng4 21. Qd2 Nxh2+ 22. Kg2 Ng4 23. fxg5 Qxg5 24. Nef4 Nxd4 25. Rh1 Nf5 26. Rh5 Nge3+ 27. Kh1 Nxg3+ 28. Kh2 Nxh5 29. Nxh5 Nf1+,29,black,2423,2540
Game697164,2525,2515,1. e4 g6 2. d4 Bg7 3. c3 d6 4. Bd3 Nd7 5. Nf3 c6 6. O-O Nh6 7. Qe2 O-O 8. Bg5 f6 9. Be3 e5 10. Bd2 f5 11. Bxh6 Bxh6 12. exf5 gxf5 13. dxe5 dxe5 14. Bc4+ Kh8 15. Nxe5 Nxe5 16. Qxe5+ Bg7 17. Qf4 Qf6 18. Qf3 f4 19. Nd2 Qg6 20. h3 Bf5 21. Rae1 Rad8 22. Ne4 b5 23. Bb3 a5 24. Bc2 Qh6 25. Bb1 Be6 26. Kh1 Rg8 27. Rd1 Rdf8 28. Rd6 Be5 29. Rxc6 Re8 30. Rd1 Qg7 31. Rxe6 Rxe6 32. Nc5 Ree8 33. Ne4 Bb8 34. Rd5 Re7 35. Rh5 Rge8 36. Kh2 Qg6 37. Bd3 Kg7 38. Rg5 Re5 39. Rxg6+ hxg6 40. Nd6 Bxd6 41. Qb7+ R5e7 42. Qa6 f3+ 43. g3 Re6 44. Qxb5 Be7 45. Qc4 Rf6 46. Qg4 Ref8 47. Be4 Bd6 48. Bxf3 Re6 49. Kg2 Bxg3,49,black,2525,2515
Game697297,2504,2537,1. g3 e6 2. Bg2 d5 3. d3 Nf6 4. Nd2 Nbd7 5. c3 Bd6 6. Nh3 c6 7. O-O O-O 8. e4 e5 9. f4 Re8 10. fxe5 Nxe5 11. d4 dxe4 12. dxe5 Bc5+ 13. Kh1 Rxe5 14. Nb3 Qe7 15. Nxc5 Rxc5 16. Be3 Bg4 17. Qc2 Rh5 18. Nf4 Re5 19. Bd4 Rf5 20. Bxf6 Rxf6 21. Qxe4 Qxe4 22. Bxe4 Re8 23. Rae1 g6 24. h3 Bd7 25. Bc2 Rd8 26. Kg2 c5 27. Re7 Bc6+ 28. Be4 Kf8 29. Re5 Rfd6 30. Bxc6 Rxc6 31. Re2 Kg7 32. Rff2 Rcd6 33. g4 b6 34. Re3 R8d7 35. Ref3 h6 36. Ne2 f6 37. Ng3 Re6 38. h4 Rde7 39. h5 Kf7 40. hxg6+ Kxg6 41. Nf5 Rd7 42. Kg3 h5 43. Nh4+ Kg7 44. gxh5 Rd5 45. Nf5+ Kh7 46. Rf4 Ree5 47. h6 Rd3+ 48. Kh4 Rd1 49. Ng3 Rd6 50. Rxf6 Rxf6 51. Rxf6 Rd5 52. Nf5 Rd1 53. Kg5 Rg1+ 54. Kf4 Rh1 55. Ke5 Rf1 56. Rf7+ Kg6 57. Rg7+ Kh5 58. h7 Re1+ 59. Kf6 Re8 60. Rg8 Rf8+ 61. Rxf8 Kg4 62. Rg8+ Kf3 63. h8=Q Ke2 64. Qh3 Kd1 65. Rg2,65,white,2504,2537
Game697409,2548,2494,1. e4 g6 2. d4 Bg7 3. c3 d6 4. Bd3 Nd7 5. Nf3 c6 6. O-O Nh6 7. Be3 O-O 8. h3 f6 9. Qd2 Nf7 10. Bc4 e5 11. Bb3 Qe7 12. Rd1 Kh8 13. Qe2 f5 14. Nbd2 f4 15. dxe5 dxe5 16. Nc4 fxe3 17. Qxe3 Nc5 18. Bc2 Ne6 19. g4 Nf4 20. Kh2 h5 21. g5 Nxg5 22. Nxg5 Qxg5 23. Rg1 Qh4 24. Rad1 Nxh3 25. Qxh3 Qxh3#,25,black,2548,2494
Game697416,2484,2558,1. g3 e6 2. Bg2 d5 3. d3 c6 4. Nd2 Nf6 5. c3 Bd6 6. Nh3 e5 7. O-O Be6 8. e4 h6 9. f4 dxe4 10. dxe4 Qe7 11. Kh1 Ng4 12. Qe2 Nf6 13. Nc4 Bg4 14. Qc2 Bc7 15. fxe5 Bxe5 16. Nxe5 Qxe5 17. Bf4 Qe7 18. e5 Nd5 19. e6 Bxe6 20. Rae1 Nd7 21. Bc1 O-O 22. c4 N5f6 23. Nf4 Rae8 24. Bh3 Nc5 25. b4 Bd5+ 26. cxd5 Qxe1 27. bxc5 Qe4+ 28. Qxe4 Rxe4 29. dxc6 bxc6 30. Bg2 Rc4 31. Bxc6 Rxc5 32. Bf3 Rc2 33. a4 Re8 34. Be3 Rxe3 35. Bg2 Ra3 36. Rd1 g6 37. Bf1 Kg7 38. Rb1 Ng4 39. Rb7 g5 40. Ne6+ Kf6 41. Nd4 Rd2 42. Nb5 Ra1 43. Rxa7 Rxf1#,43,black,2484,2558
Game697508,2544,2498,1. Nf3 g6 2. g3 Bg7 3. Bg2 d6 4. O-O Nd7 5. c3 c6 6. d4 Nh6 7. Nbd2 O-O 8. e4 e5 9. Qc2 f5 10. Re1 fxe4 11. Nxe4 d5 12. Neg5 e4 13. Ne6 Qe7 14. Nxf8 Qxf8 15. Ng5 Nf6 16. c4 Nf5 17. cxd5 cxd5 18. Qb3 h6 19. Nxe4 Nxe4 20. Bxe4 Nxd4 21. Bxd5+ Kh8 22. Qd3 Bf5 23. Qe3 Nc2 24. Qf4 Nxa1 25. Bd2 Nc2 26. Rc1 Nd4 27. Re1 Rd8 28. Bc4 Re8 29. Rxe8 Qxe8 30. Kg2 Qe4+,30,black,2544,2498
Game697686,2554,2488,1. b3 g6 2. Bb2 f6 3. Nc3 Bg7 4. e4 d6 5. Nf3 Nd7 6. Bc4 c6 7. d4 e5 8. dxe5 dxe5 9. Qd6 Qe7 10. Qc7 Nb6 11. Qxe7+ Kxe7 12. Ba3+ Ke8 13. Be2 Bf8 14. Bb2 Be6 15. O-O-O Kf7 16. Nd2 Ne7 17. f3 Nec8 18. a4 Be7 19. a5 Nd7 20. Bc4 Nc5 21. Bxe6+ Nxe6 22. Nc4 b5 23. axb6 axb6 24. Kb1 b5 25. Ne3 Nd4 26. Rd2 Bc5 27. Rhd1 Nb6 28. Ne2 Nxe2 29. Rxe2 Rhd8 30. Rxd8 Rxd8 31. Bc3 Nc8 32. Ng4 h5 33. Nf2 Ne7 34. Nd3 Ba7 35. Bb4 Ng8 36. Kb2 Bd4+ 37. c3 Bb6 38. Rd2 Be3 39. Rd1 Ke8 40. Kc2 f5 41. Bc5 Bxc5 42. Nxc5 Rxd1 43. Kxd1 fxe4 44. Nxe4 Ke7 45. Ke2 Ke6 46. Kd3 Ne7 47. c4 Nf5 48. Nc5+ Kd6 49. Ne4+ Ke7 50. g3 Nd4 51. Nc5 Nxf3 52. h3 Ng1 53. h4 Kd6 54. Nb7+ Ke6 55. Nc5+ Kd6 56. Ne4+ Ke7 57. c5 Nf3 58. Nd6 Nd4 59. b4 Ne6 60. Nb7 Kf6 61. Na5 e4+ 62. Kxe4 g5 63. Nxc6 gxh4 64. gxh4 Kg6 65. Nd4 Nf8 66. Nxb5 Kf7 67. Nd6+ Ke6 68. Nc4 Ng6 69. Ne5 Nxh4 70. Nf3 Kf6 71. Nxh4 Kg5 72. Nf3+ Kf6 73. c6 Ke7 74. c7,74,white,2554,2488
Game697803,2501,2540,1. g3 d5 2. Bg2 Nf6 3. d3 c6 4. Nd2 e5 5. c3 Bd6 6. Nh3 Nbd7 7. O-O O-O 8. e4 h6 9. f4 Qe7 10. Kh1 b6 11. fxe5 Nxe5 12. d4 Neg4 13. e5 Ne3 14. Qb3 Nxg2 15. exf6 Qe2 16. Ng1 Qd3 17. Kxg2 g6 18. Qd1 h5 19. Qf3 Qa6 20. h3 Re8 21. Nb3 Bf5 22. Kh2 Be4 23. Qf2 Re6 24. Bg5 Rae8 25. a3 Bf8 26. Nd2 Bd3 27. Rfe1 Bd6 28. Ndf3 Be4 29. Nd2 c5 30. Bf4 Bf8 31. Be5 Bd6 32. Nxe4 Bxe5 33. dxe5 Rxe5 34. Ng5 Rxe1 35. Rxe1 Rxe1 36. Qxe1 Qb5 37. Qf2 d4 38. cxd4 cxd4 39. N5f3 d3 40. Qd2 Qe5,40,white,2501,2540
Game697877,2551,2491,1. Nf3 g6 2. g3 Bg7 3. Bg2 d6 4. O-O Nd7 5. c3 c6 6. d4 Nh6 7. Be3 O-O 8. Qd2 Ng4 9. Na3 Nxe3 10. fxe3 e5 11. Nc2 f5 12. e4 fxe4 13. Nh4 d5 14. Rxf8+ Qxf8 15. Rf1 Qe7 16. e3 exd4 17. cxd4 Nf6 18. a3 Be6 19. b4 Rf8 20. Rf2 Bh6 21. Bf1 Ng4 22. Rxf8+ Qxf8 23. Ng2 Qf3 24. Qe2 Qxe2 25. Bxe2 Nf6 26. h4 Bg4 27. Bxg4 Nxg4 28. Kf1 Kf7 29. Ke2 Ke6 30. Na1 Nf6 31. Nb3 b6 32. Nd2 Kd6 33. Nf1 Bf8 34. Nh2 Ng8 35. Kd2 Ne7 36. g4 Bg7 37. g5 Nf5 38. Ng4 h6 39. gxh6 Nxh6 40. Nxh6 Bxh6 41. Ne1 Ke6 42. Ng2 Kf5 43. Ke2 Kg4 44. Kf2 Kh3 45. Kf1 Bg7 46. Kf2 Bf6 47. Nf4+ Kxh4 48. Nxg6+ Kg5 49. Nf4 Kf5 50. Ke2 Kg4 51. Nh3 Kxh3,51,black,2551,2491
Game697952,2482,2560,1. g3 e6 2. Bg2 d5 3. d3 Nf6 4. Nd2 b6 5. c3 Bb7 6. Nh3 Nbd7 7. O-O Bd6 8. e4 Qe7 9. f4 dxe4 10. dxe4 Ng4 11. Qxg4 Nf6 12. Qe2 e5 13. fxe5 Qxe5 14. Nc4 Qc5+ 15. Be3 Qc6 16. e5 Qxg2+ 17. Qxg2 Bxg2 18. Kxg2,18,white,2482,2560
Game697974,2570,2474,1. b3 g6 2. Bb2 f6 3. e4 Bg7 4. Nf3 d6 5. Bc4 Nd7 6. Na3 c6 7. d3 e5 8. O-O Qe7 9. d4 Nh6 10. dxe5 dxe5 11. Qe2 Nb6 12. Bd3 Be6 13. Nc4 O-O 14. Ba3 c5 15. Rad1 Kh8 16. Qe3 Rac8 17. Nxb6 axb6 18. Bc4 f5 19. Bxe6 Qxe6 20. Ng5 Qe7 21. f3 f4 22. Qd3 Qxg5 23. Qb5 Rc6 24. Rd7 Rcf6 25. Rxb7 Nf7 26. Rxb6 Rc8 27. Bxc5 Rxb6 28. Qxb6 Nd8 29. Rd1 Nf7 30. a4 Qf6 31. c4 Qh4 32. Bf2 Qe7 33. c5 Nd8 34. b4 Nc6 35. b5 Nd4 36. c6 Qb4 37. Bxd4 exd4 38. Qb7 Rg8 39. c7 Qc3 40. a5 Qc2 41. Rf1 d3 42. a6 d2 43. a7 d1=Q 44. c8=Q Bd4+,44,black,2570,2474
Game698060,2466,2578,1. g3 b6 2. Bg2 Nc6 3. d3 Bb7 4. Nd2 e6 5. c3 d5 6. Nh3 Bd6 7. O-O Nge7 8. e4 h5 9. f4 dxe4 10. dxe4 e5 11. f5 Bc5+ 12. Kh1 f6 13. Qe2 Qd7 14. Nb3 Bd6 15. Be3 O-O-O 16. a4 a5 17. Nd2 Nb8 18. Nc4 Ba6 19. Nxd6+ Qxd6 20. c4 Qb4 21. Rfc1 Nbc6 22. Bf1 Nd4 23. Bxd4 Rxd4 24. Nf2 Bb7 25. Bg2 Rhd8 26. c5 Rd2 27. Qf3 Qxb2 28. Rab1 Qd4 29. Nh3 Rxg2 30. Rd1 Rd2 31. Rxd2 Qxd2 32. cxb6 cxb6 33. Nf2 Qc2 34. Re1 Nc6 35. Kg1 Nd4 36. Qe3 Kb8 37. Rc1 Qxc1+ 38. Qxc1 Ne2+ 39. Kg2 Nxc1 40. Kf3 Nd3 41. g4 Ne1+ 42. Kg3 Nd3 43. Kh4 Nxf2 44. g5 Nxe4 45. g6 Ng5 46. Kxh5 Rd4 47. h4 Bf3#,47,black,2466,2578
Game698178,2563,2480,1. b3 g6 2. Bb2 f6 3. Nf3 Bg7 4. h4 d6 5. h5 g5 6. e4 h6 7. Bd3 e5 8. Bc4 c6 9. d4 Nd7 10. dxe5 Nxe5 11. Nxe5 fxe5 12. Qf3 Nf6 13. Nd2 Qe7 14. O-O-O Bg4 15. Qd3 Bxd1 16. Rxd1 O-O-O 17. Qe2 Kb8 18. Bd3 Rhe8 19. Ba3 Qc7 20. g4 Bf8 21. f3 d5 22. Bb2 d4 23. Nc4 c5 24. Kb1 Re6 25. Bc1 Ne8 26. a4 Nd6 27. Bd2 Nxc4 28. Bxc4 Re7 29. Be1 Rg7 30. Bg3 Bd6 31. Rf1 Qe7 32. Qd1 Qc7 33. Be2 Re7 34. Qd3 Rf8 35. Qc4 Qd7 36. Rd1 Qe6 37. Qd3 Rc7 38. Qd2 c4 39. Bxc4 Rxc4 40. bxc4 Qxc4 41. Qd3 Qxa4 42. Kc1 Rc8 43. Kd2 Rc3 44. Qxc3 dxc3+ 45. Kxc3 Qb4+ 46. Kd3 b5 47. Ke2 Kc7 48. Rd3 Qc4 49. Kd2 Bb4+ 50. Ke3 Bc5+ 51. Ke2 b4 52. Bxe5+ Kc6 53. c3 b3 54. Kd2 b2 55. Kc2 Qa2 56. c4 b1=Q+,56,black,2563,2480
Game698216,2472,2572,1. g3 e6 2. Bg2 d5 3. d3 b6 4. Nd2 Bb7 5. c3 Nf6 6. Nh3 c5 7. O-O Nc6 8. e4 Bd6 9. f4 dxe4 10. dxe4 e5 11. Nc4 Bc7 12. Qe2 Qe7 13. Ne3 O-O 14. Nd5 Qd8 15. f5 a5 16. g4 Ba6 17. c4 Nd4 18. Qd3 Nxd5 19. exd5 f6 20. g5 Qd6 21. g6 h6 22. b3 e4 23. Qg3 Ne2+,23,black,2472,2572
Game698254,2557,2485,1. e4 g6 2. Nf3 Bg7 3. d4 d6 4. Bc4 Nd7 5. O-O Nh6 6. Nc3 c6 7. h3 e5 8. Bg5 f6 9. Be3 Qe7 10. dxe5 dxe5 11. Qd2 Nf7 12. Rad1 O-O 13. Bb3 Kh8 14. a3 f5 15. Bg5 Nxg5 16. Qxg5 Qe8 17. Qe3 Nb6 18. Ng5 Qe7 19. Rd2 f4 20. Qd3 Qxg5 21. f3 Bxh3 22. Qe2 Rad8 23. Rfd1 Rxd2 24. Rxd2 Bc8 25. Nd1 Rd8 26. Nf2 Rxd2 27. Qxd2 Qe7 28. Nd3 Bf6 29. Qc3 Qd8 30. a4 Qd4+ 31. Qxd4 exd4 32. Nxf4 Nd7 33. Nd3 Ne5 34. f4 Nxd3 35. cxd3 Be7 36. e5 Kg7 37. g3 Bf5 38. Bc2 c5 39. b3 a6 40. Kg2 b5 41. axb5 axb5 42. Kf3 c4 43. bxc4 bxc4 44. g4 Bxd3 45. Bxd3 cxd3 46. Kf2 Bb4 47. Kf3 Kf7 48. f5 gxf5 49. gxf5 h5 50. f6 Ke6 51. Ke4 d2,51,black,2557,2485
Game698326,2477,2566,1. g3 e6 2. Bg2 d5 3. d3 b6 4. Nd2 Bb7 5. c3 Nf6 6. Nh3 Nbd7 7. O-O Bd6 8. e4 c6 9. f4 Be7 10. g4 O-O 11. g5 Ne8 12. Qg4 f5 13. gxf6 Nexf6 14. Qf3 e5 15. f5 c5 16. Ng5 c4 17. Ne6 Qe8 18. Nxf8 Qxf8 19. exd5 Bxd5 20. Qh3 Bxg2 21. Qxg2 cxd3 22. Ne4 Nxe4 23. Qxe4 Nc5 24. Qg2 e4 25. Be3 Re8 26. Kh1 Bd6 27. Rg1 Qe7 28. Raf1 Qf7 29. f6 g6 30. Bd4 Qe6 31. f7+ Qxf7 32. Rxf7 Kxf7 33. Rf1+ Kg8 34. Qg4 Rf8 35. Rxf8+ Kxf8 36. Bxc5 Be7 37. Bxe7+ Kxe7 38. Qxe4+ Kd6 39. Qxd3+ Kc5,39,white,2477,2566
Game698380,2575,2469,1. b3 g6 2. Bb2 f6 3. Nf3 Bg7 4. d3 d6 5. Nbd2 Nd7 6. e4 Nh6 7. h3 c6 8. Nc4 e5 9. Nxd6+ Kf8 10. Ba3 Kg8 11. d4 Qa5+ 12. Qd2 Qxa3 13. Bc4+ Kf8 14. dxe5 fxe5 15. Ng5 Nb6 16. Nf5 Bxf5 17. exf5 Nxc4 18. Ne6+ Kg8 19. bxc4 Qe7 20. g4 Nf7 21. O-O-O Bh6 22. f4 Bxf4 23. Nxf4 exf4 24. Qxf4 Qg5 25. Qxg5 Nxg5 26. Rd7 h5 27. h4 Nf3 28. fxg6 hxg4 29. h5 g3 30. Rf1 g2 31. Rxf3 g1=Q+ 32. Kb2 Qb6+ 33. Rb3 Qd8 34. h6 Qxd7 35. h7+ Qxh7 36. Rd3 Qxg6,36,black,2575,2469
Game698454,2461,2583,1. g3 Nf6 2. Bg2 e6 3. d3 d5 4. Nd2 c6 5. c3 Bd6 6. Nh3 Nbd7 7. O-O e5 8. e4 O-O 9. f4 b6 10. Kh1 Bb7 11. fxe5 Nxe5 12. d4 Neg4 13. e5 Ne3 14. Qf3 Nxf1 15. Nxf1 Ne4 16. exd6 Qxd6 17. Ng5 h6 18. Nxe4 dxe4 19. Qxe4 Rae8 20. Qf4 Re1 21. Qxd6 Rfe8 22. Qf4 R8e2 23. Kg1 Kh7 24. b3 Ba6 25. Bb2,25,white,2461,2583
Game698506,2591,2454,1. g3 g6 2. Bg2 Bg7 3. Nf3 d6 4. O-O Nd7 5. c3 c6 6. d4 Nh6 7. e4 O-O 8. Bg5 e6 9. Bxd8 Rxd8 10. Nbd2 f6 11. Qe2 Nf8 12. e5 Nf7 13. exf6 Bxf6 14. Ne4 Be7 15. Rfe1 Re8 16. Ned2 Bd7 17. Qc4 Bf6 18. Qb3 Rab8 19. Ne4 a6 20. Nxf6+,20,white,2591,2454
Game698539,2469,2575,1. g3 d5 2. Bg2 e5 3. d3 Nf6 4. Nd2 Nc6 5. c3 Bc5 6. Nh3 h6 7. e4 Bg4 8. f3 Be6 9. Qe2 dxe4 10. dxe4 Qd7 11. Nb3 Bxh3 12. Nxc5 Qc8 13. Bxh3 Qxh3 14. Nxb7 O-O 15. Nc5 Rad8 16. Be3 Rd6 17. Rg1 Rfd8 18. Nb7 h5 19. Nxd8 Rxd8 20. Rd1 Rb8 21. Qg2 Qe6 22. b3 Ne7 23. Qe2 Qc6 24. Kf2 g6 25. Qc4 Qxc4 26. bxc4 Rb5 27. Rd2,27,white,2469,2575
Game698704,2464,2579,1. g3 b6 2. Bg2 c6 3. d3 Bb7 4. Nd2 g6 5. c3 Bg7 6. Nh3 Nf6 7. O-O O-O 8. e4 d5 9. f4 Nbd7 10. e5 Ne8 11. d4 e6 12. g4 c5 13. f5 cxd4 14. cxd4 Bh6 15. f6 Rc8 16. g5 b5 17. gxh6 Qb6 18. Nf3 a6 19. Kh1 Nc7 20. Nhg5 b4 21. Bh3 Nb5 22. Nxf7 Rxf7 23. Ng5 Nf8 24. Nxf7 Kxf7 25. Be3 Rc4 26. Rc1 Qc6 27. Rf2 Nxd4 28. Rxc4 dxc4+ 29. Bg2 Qb5 30. Qxd4 Bxg2+ 31. Kxg2 Qd5+ 32. Qxd5 exd5 33. Rd2 Ke6 34. Rd4 Nd7 35. b3 Nxe5 36. bxc4 dxc4 37. Bf4 Ng4 38. Rxc4 a5 39. Rc5 Nxf6 40. Rxa5 Nd5 41. Bd2 Ke5 42. Rxd5+ Kxd5 43. Bxb4 Ke4 44. a3 g5 45. Kg3 Kf5 46. a4 Kg6 47. a5 Kf5 48. a6 Kf6 49. a7 g4 50. a8=Q Kg5 51. Qg8+ Kh5 52. Qf7+ Kg5 53. Qf4+ Kg6 54. Qxg4+ Kxh6 55. Bf8#,55,white,2464,2579
Game698807,2587,2457,1. b3 g6 2. Bb2 f6 3. d3 Bg7 4. c3 d6 5. c4 Nd7 6. Nc3 c6 7. g3 Nh6 8. Bg2 O-O 9. e3 e5 10. Nge2 f5 11. O-O g5 12. d4 f4 13. exf4 gxf4 14. Be4 Nf6 15. dxe5 Nxe4 16. Nxe4 f3 17. Nf4 dxe5 18. Qxd8 Rxd8 19. Nh5 Bh8 20. Nhf6+ Kf7 21. Bxe5 Bf5 22. Rfe1 Bxe4 23. Nxe4 Bxe5 24. Ng5+ Kf6 25. Nxh7+ Kf5 26. Rac1 Re8 27. Re3 Kg6 28. Rce1 Nf7 29. Rxf3 Re7 30. g4 Kxh7 31. Kg2 Rd8 32. h4 Rd4 33. Kh3 Red7 34. g5 Rd3 35. Ree3 Rxe3 36. fxe3 Kg6 37. Kg4 Rd1 38. h5+ Kg7 39. g6 Nh6+ 40. Kh3 Bf6 41. Rf4 Rh1+ 42. Kg2 Rxh5 43. Rd4 Rg5+ 44. Kf3 Kxg6 45. Rd6 Rf5+ 46. Ke2 Re5 47. Rd7 Re7 48. Rd8 Nf5 49. Rb8 Kf7 50. Ra8 Rxe3+ 51. Kd2 Re7 52. Rxa7 Bd4 53. Kc2 Be3 54. Ra8 Nd4+ 55. Kd3 Nf5 56. a4 Bb6 57. c5 Bc7 58. Kc4 Rd7 59. Kb4 Be5 60. a5 Rd4+ 61. Ka3 Rd7 62. b4 Nd4 63. Ka4 Nb5 64. Ra7 Rd3 65. a6 Ra3#,65,black,2587,2457
Game698883,2450,2594,1. g3 Nf6 2. Bg2 d5 3. d3 Be6 4. Nd2 c6 5. c3 Nbd7 6. Nh3 Bg4 7. O-O e5 8. f3 Be6 9. e3 Bd6 10. e4 h6 11. f4 Nc5 12. fxe5 Bxe5 13. d4 Ncxe4 14. dxe5 Qb6+ 15. Kh1 Ng4 16. Nxe4 dxe4 17. Qe2 e3 18. Nf4 Nf2+ 19. Kg1 Ng4 20. Nxe6 fxe6 21. h3 Nxe5 22. Bxe3 Qb5 23. Qxb5 cxb5 24. Bd4 Nc4 25. b3 Nd6 26. Rfe1 Kd7 27. Re5 Rhg8 28. Rd1 Rae8 29. Bc5 Kc8 30. Rxd6 Rd8 31. Rexe6 Rd7,31,white,2450,2594
Game753864,2501,2428,1. e4 g6 2. d4 Bg7 3. Nc3 d6 4. Be3 Nd7 5. Qd2 c6 6. f4 e5 7. O-O-O Ngf6 8. dxe5 dxe5 9. fxe5 Ng4 10. e6 fxe6 11. Bc4 Nxe3 12. Qxe3 Qe7 13. Nf3 O-O 14. Kb1 Kh8 15. h4 Nf6 16. Ng5 b5 17. Bb3 a5 18. a4 b4 19. Ne2 c5 20. Nf4 Ng4 21. Qc1 Nf2 22. Nfxe6 Bxe6 23. Nxe6 Rf6 24. Nxg7 Qxg7 25. e5 Rff8 26. e6 Nxh1 27. Rxh1 Rac8 28. Bc4 Rcd8 29. Qe1 Rfe8 30. h5 g5 31. h6 Qd4 32. b3 Qf6 33. Rf1 Qxh6 34. e7 Rb8 35. Qe5+ Qg7 36. Rf8+ Rxf8 37. exf8=Q+ Rxf8 38. Qxc5 h6 39. Qxa5 Re8 40. Qxb4 Rd8 41. a5 Rd1+ 42. Ka2 Qa1#,42,black,2501,2428
Game753983,2413,2510,1. g3 g6 2. Bg2 Bg7 3. d3 c5 4. Nd2 Nc6 5. c3 d6 6. Nh3 e5 7. O-O Nge7 8. e4 O-O 9. f4 h6 10. f5 gxf5 11. Qh5 fxe4 12. dxe4 f5 13. exf5 Rxf5 14. Rxf5 Bxf5 15. Ne4 d5 16. Nxc5 Qb6 17. b4 Nxb4 18. cxb4 Qxb4 19. Nb3 Bg4 20. Qh4 Ng6 21. Bxd5+ Kh8 22. Bd2 Qb6+ 23. Nf2 Nxh4 24. gxh4 Rf8 25. Rf1 Be2 26. Ba5 Qe3 27. Bd2 Qb6 28. Ba5 Qg6+ 29. Bg2 Bxf1 30. Kxf1 Qb1+ 31. Be1 e4 32. Nd2 Qb5+ 33. Kg1 e3,33,black,2413,2510
Game821613,2601,2633,1. Nf3 g6 2. b3 Bg7 3. d4 d6 4. Bb2 Nd7 5. g3 c6 6. Bg2 Nh6 7. O-O O-O 8. c4 e5 9. Nc3 f5 10. dxe5 dxe5 11. Qc2 e4 12. Nd2 e3 13. fxe3 Ng4 14. Rf3 Nde5 15. Nf1 Nxf3+ 16. exf3 Ne5 17. Rd1 Qe7 18. Ne2 Be6 19. Nd4 Bf7 20. Re1 Rad8 21. Ne2 Be8 22. Rd1 Rxd1 23. Qxd1 Bf7 24. Bxe5 Bxe5 25. Nd4 Rd8 26. Qc2 c5 27. Nb5 Qf6 28. f4 Bb8 29. Bxb7 Qa1 30. Nc3 Qe1 31. Bd5 Qxe3+ 32. Nxe3,32,white,2601,2633
Game821667,2645,2591,1. g3 g6 2. Bg2 Bg7 3. d3 e6 4. Nd2 Ne7 5. c3 O-O 6. Nh3 d5 7. O-O c5 8. e4 Nbc6 9. f4 b5 10. g4 b4 11. c4 Bb7 12. f5 exf5 13. gxf5 dxc4 14. f6 Bxf6 15. Rxf6 Nf5 16. Rxc6 Bxc6 17. exf5 Qd4+ 18. Kh1 Bxg2+ 19. Kxg2 Qg4+ 20. Qxg4,20,white,2645,2591
Game824860,2439,2604,1. g3 d5 2. Bg2 c6 3. d3 Nf6 4. Nd2 e5 5. c3 Bd6 6. Nh3 Nbd7 7. O-O O-O 8. e4 Re8 9. f4 dxe4 10. dxe4 b6 11. f5 Ba6 12. Re1 Nc5 13. g4 Nd3 14. g5 Nxe1 15. Qxe1 Ng4 16. Nb3 Qe7 17. Qg3 Bc5+ 18. Kh1 Rad8 19. Qxg4 Rd3 20. Bf1 Red8 21. Bxd3 Rxd3 22. Bd2 Bc4 23. Be1 Be3 24. Bg3 f6 25. Nf2 Rd7 26. gxf6 Qxf6 27. Qf3 Bh6 28. Ng4 Qd6 29. f6 Qd3 30. f7+ Rxf7 31. Qxd3 Bxd3 32. Re1 Rf3 33. Nxe5 Re3 34. Rxe3 Bxe3,34,white,2439,2604
Game824942,2610,2432,1. e4 g6 2. d4 Bg7 3. c3 d6 4. Bd3 Nd7 5. Nf3 c6 6. Nbd2 Nh6 7. O-O O-O 8. Nc4 b5 9. Ne3 e5 10. d5 c5 11. Bxb5 f5 12. Bxd7 Bxd7 13. c4 f4 14. Nc2 g5 15. Nfe1 g4 16. f3 g3 17. hxg3 fxg3 18. f4 exf4 19. Qh5 Bg4 20. Qh1 Qg5 21. Nf3 Bxf3 22. Rxf3 Ng4 23. Rxg3 h5 24. Qh3 Qh6 25. Rf3 Qg6 26. Bxf4 Qxe4 27. Bxd6 Rxf3 28. gxf3 Qxc2 29. fxg4 Bd4+ 30. Kh1 Qe4+ 31. Qg2 Qxg2+ 32. Kxg2 hxg4 33. Rf1 Re8 34. Kg3 Re2 35. Kxg4 Rxb2 36. Kf5 Rg2 37. Ke6 Kg7 38. Kd7 Rxa2 39. Kc6 Kg6 40. Bxc5 Bf6 41. Bd6 Bg5 42. c5 Rc2 43. Rg1 a5 44. Kd7 Kf5 45. c6 Be3 46. Rf1+ Ke4 47. Re1 a4 48. Rxe3+ Kxe3 49. c7 a3 50. Bxa3 Kd3 51. d6,51,white,2610,2432
Game825044,2594,2449,1. e4 g6 2. d4 Bg7 3. c3 d6 4. Bd3 Nd7 5. Nf3 c6 6. Nbd2 Nh6 7. O-O O-O 8. Re1 e5 9. dxe5 dxe5 10. Bc4 Kh8 11. Bb3 f5 12. Nc4 f4 13. Nd6 Qe7 14. Nxc8 Raxc8 15. Bc4 Nb6 16. Qe2 g5 17. Bb3 g4 18. Nd2 Qh4 19. Nf1 f3 20. Qd3 fxg2 21. Ng3 Rxf2 22. Kxf2 Qxh2 23. Rg1 Rf8+ 24. Bf4 exf4 25. Nf5 g3+ 26. Ke2 Ng4 27. Qf3 Bh6 28. Rxg2 Qh5 29. Rgg1 Qg6 30. Rh1 Ne5 31. Qh5 Qxh5+ 32. Rxh5 f3+ 33. Kf1 Bf4 34. Rh4 g2+ 35. Kf2 Bg5 36. Rh2 Bf4 37. Rxg2 fxg2 38. Kxg2 Bg5 39. Kf2 Bf6 40. Rh1 Nbd7 41. Bc2 Nc5 42. Ke2 Bg7 43. b4 Bf6 44. bxc5 Ng4 45. Nd6 Ne5 46. Nf5 Kg8 47. Rh6 Kf7 48. Nh4 Ke7 49. Nf5+ Kd7 50. Rxh7+ Kc8 51. Re7,51,white,2594,2449
Game838862,2445,2466,1. g3 d6 2. Bg2 Nf6 3. Nf3 Nc6 4. O-O e5 5. d4 e4 6. Ng5 d5 7. Nh3 Bxh3 8. Bxh3 Be7 9. c3 O-O 10. Bf4 h6 11. Nd2 Nh5 12. Be5 Nxe5 13. dxe5 g6 14. f4 exf3 15. exf3 Bc5+ 16. Kh1 Qe7 17. f4 d4 18. Bg2 dxc3 19. bxc3 Rad8 20. Qc2 c6 21. Ne4 Ng7 22. Rad1 Kh7 23. Nf6+ Kh8 24. Be4 Ne6 25. Bxg6 fxg6 26. Qxg6 Qg7 27. Qf5 Nc7 28. Rfe1 Be7 29. Rxd8 Bxd8 30. g4 Bxf6 31. exf6 Rxf6 32. Qc8+ Kh7 33. g5 Rxf4 34. g6+ Qxg6 35. Qxc7+ Rf7 36. Qg3 Qf5 37. Qg2 Rg7 38. Qe4 Qxe4+ 39. Rxe4 Rd7 40. Re2 Re7 41. Rxe7+ Kg6 42. Rxb7 c5 43. Rxa7 Kh5 44. Ra5 Kh4 45. Rxc5,45,white,2445,2466
Game838915,2477,2435,1. e4 e6 2. Nc3 d5 3. Nf3 d4 4. e5 c5 5. Ne4 b6 6. Bb5+ Bd7 7. Qe2 a6 8. Bxd7+ Qxd7 9. d3 Qb7 10. Nd6+ Bxd6 11. exd6 Nd7 12. O-O Qd5 13. Bf4 f6 14. Rfe1 e5 15. Bg3 Qxd6 16. c3 Ne7 17. cxd4 cxd4 18. Qe4 O-O 19. Rac1 Qd5 20. Qg4 Nc5 21. Nd2 Nxd3 22. Rc7 Rf7 23. Rd1 Nc5 24. b4 Qd6 25. Rxe7 Qxe7 26. bxc5 bxc5 27. Qf5 g6 28. Qe4 Rc8 29. Qd5 Qd7 30. Qxd7 Rxd7 31. Ne4 Kf7 32. f4 f5 33. Ng5+ Kg8 34. fxe5 c4 35. e6 Rd5 36. Re1 d3 37. e7 Re8 38. Nf3 d2 39. Nxd2 Rxd2 40. Be5 Rd7 41. Bf6 Kf7 42. Bg5 Rdxe7 43. Bxe7 Rxe7 44. Rc1 Rc7 45. Rc3 Ke6 46. Rxc4 Rxc4 47. h4 Rc2 48. Kh2 Rxa2 49. h5 Ra4 50. hxg6 hxg6 51. Kh3 Rg4 52. g3 a5 53. Kh2 a4 54. Kg2 a3 55. Kf3 a2 56. Kg2 a1=Q 57. Kh3 Rxg3+ 58. Kh4 g5+ 59. Kh5 Rh3+ 60. Kg6 Rh6+ 61. Kxg5 Qg7+ 62. Kf4 Qg4+ 63. Ke3 Rh3+ 64. Kf2 Rf3+ 65. Ke1 Qe4+ 66. Kd1 Rd3+ 67. Kc2 Qc4+ 68. Kb2 Rb3+ 69. Ka1 Qa4#,69,black,2477,2435
Game839015,2425,2487,1. e4 d6 2. d4 Nf6 3. Nd2 Bg4 4. c3 Bxd1 5. Kxd1 Nc6 6. Ngf3 e5 7. d5 Ne7 8. Bd3 a6 9. Ke2 Ng6 10. g3 Ng4 11. Re1 Nf6 12. h3 h5 13. Kf1 h4 14. g4 Nf4 15. Bc2 Nxh3 16. g5 Nh5 17. c4 Nxg5 18. Nxg5 Qxg5 19. Nf3 Qg4 20. Bd1 Nf4 21. Bxf4 exf4 22. e5 O-O-O 23. exd6 Bxd6 24. Nd4 Qh3+ 25. Ke2 Rhe8+ 26. Kd2 Bb4+ 27. Kc2 Rxe1 28. a3 Rxd1 29. Rxd1 Bc5 30. Nb3 Bxf2 31. Rd3 Be3 32. Nd2 Qg2 33. b4 Qxd2+ 34. Rxd2 Bxd2 35. Kxd2 Re8,35,black,2425,2487
Game839146,2439,2472,1. e4 d6 2. d4 Nf6 3. Nd2 Bg4 4. f3 Bd7 5. Bc4 c5 6. dxc5 dxc5 7. Ne2 Nc6 8. Nb3 Ne5 9. Bd5 Nxd5 10. Qxd5 Nc6 11. Bf4 e5 12. Bxe5 Be6 13. Qxd8+ Rxd8 14. Bc3 b6 15. O-O Bc4 16. Kf2 Be7 17. Rfd1 Bf6 18. Bxf6 gxf6 19. Rxd8+ Kxd8 20. Rd1+ Kc7 21. Nd2 Bxe2 22. Kxe2 Nd4+ 23. Kf2 Nxc2 24. Nc4 Nd4 25. Ne3 f5 26. exf5 Re8 27. g4 Re5 28. f6 Re6 29. f4 Kc6 30. g5 h6 31. h4 hxg5 32. hxg5 Re4 33. f5 Rf4+ 34. Kg2 Rf3 35. Rxd4 Rxe3 36. Rf4 Re2+ 37. Rf2 Re4 38. g6 fxg6 39. f7 gxf5 40. f8=Q Rd4 41. Qf6+ Kb5 42. Qxf5 a5 43. Qc2 Ka6 44. Rf3 Rg4+ 45. Kf2 Rd4 46. Qe2+ c4 47. Re3 Rh4 48. Re4 Rh2+ 49. Ke3 Rxe2+ 50. Kxe2 b5 51. Kd2 a4 52. Kc3 Ka5 53. a3 Kb6 54. Kb4 Kc6 55. Re5 c3 56. Rc5+ Kb6 57. Rxc3 Ka6 58. Rc5 Kb6 59. Rxb5+ Ka6 60. Kxa4 Ka7 61. Kb4 Ka6 62. a4 Ka7 63. Kc5 Ka6 64. Kc6 Ka7 65. b4 Ka6 66. Ra5#,66,white,2439,2472
Game839244,2483,2429,1. e4 e6 2. Nc3 d5 3. exd5 exd5 4. d4 Nf6 5. Nf3 Nbd7 6. Be2 Bd6 7. O-O O-O 8. h3 c6 9. Bg5 h6 10. Bxf6 Nxf6 11. Bd3 Re8 12. Qd2 Ne4 13. Bxe4 dxe4 14. Ne1 f5 15. f4 Be6 16. Qe3 Bc4 17. Rd1 Bxf1 18. Kxf1 Qc7 19. g3 Be7 20. Ng2 g5 21. Ne2 Kh7 22. c4 Rad8 23. d5 cxd5 24. cxd5 Rd7 25. Nd4 Red8 26. Ne6 Qd6 27. Nxd8 Bxd8 28. fxg5 hxg5 29. Qxa7 Bf6 30. Qf2 Qe5 31. Ne3 Kg6 32. b3 f4 33. Ng4 Qf5 34. Nxf6 Kxf6 35. gxf4 gxf4 36. d6 Qxh3+ 37. Qg2 Qxg2+ 38. Kxg2 Ke6 39. Rd4 Ke5 40. Rd2 Rxd6 41. Rc2 Rc6 42. Rb2 Kd4 43. Kf2 Kd3 44. Rb1 Rc2+ 45. Kf1 e3 46. Rd1+ Ke4 47. Rd7 Kf3 48. Kg1 Rxa2 49. Rxb7 Ra1+ 50. Kh2 e2 51. Re7 e1=Q 52. Rxe1 Rxe1 53. b4 Rb1 54. b5 Rxb5 55. Kg1 Rb1+ 56. Kh2 Rc1 57. Kh3 Rh1#,57,black,2483,2429
Game844493,2518,2437,1. e4 d5 2. exd5 Qxd5 3. Nc3 Qa5 4. d4 c6 5. Nf3 Bf5 6. Ne5 e6 7. Nc4 Qd8 8. Qf3 Nf6 9. Be3 Nbd7 10. h3 Bb4 11. O-O-O Bxc3 12. Nd6+ Kf8 13. Nxf5 Bb4 14. Ng3 Qc7 15. Ne4 Nxe4 16. Qxe4 Nf6 17. Qh4 Be7 18. Bg5 h6 19. Bd3 Rd8 20. c3 Kg8 21. Bxf6 Bxf6 22. Qg3 Qxg3 23. fxg3 Kf8 24. Rhf1 Ke7 25. Rde1 Rd5 26. Bc4 Rd6 27. Rf4 Rhd8 28. a3 b5 29. Bb3 a5 30. Bc2 Bg5 31. h4 Bxf4+ 32. gxf4 b4 33. axb4 axb4 34. f5 bxc3 35. bxc3 c5 36. dxc5 Rc6 37. fxe6 Rxe6 38. Rf1 Rc6 39. Rf5 Rdc8 40. Bb3 f6 41. Rf3 Rxc5 42. Kc2 Re5 43. Kd2 Rd8+ 44. Kc1 Re1+ 45. Kb2 Re2+ 46. Bc2 Rxg2 47. Re3+ Kf8 48. Kc1 Rg1+ 49. Kb2 Rd2 50. Kb3 Rgg2 51. Be4 Rge2 52. Rxe2 Rxe2 53. Bg6 f5 54. h5 f4 55. Kc4 Re5 56. Bd3 f3 57. Kd4 Re6 58. Bf1 Rd6+ 59. Ke3 Rc6 60. c4 g6 61. hxg6 Rxg6 62. Kxf3 Rf6+ 63. Kg2 Ke7 64. Be2 Re6 65. Bf3 Re3 66. Bd5 Rd3 67. Kf2 Rxd5 68. cxd5 Kd6 69. Kg3 Kxd5 70. Kh4,70,white,2518,2437
Game865762,2418,2502,1. e4 Nf6 2. e5 Nd5 3. d4 Nb6 4. Nf3 d5 5. Bd3 c5 6. O-O cxd4 7. Nxd4 Nc6 8. Nxc6 bxc6 9. Be3 e6 10. f4 c5 11. Bb5+ Bd7 12. Be2 d4 13. Bf2 g6 14. Bf3 Rc8 15. Nd2 Bc6 16. Ne4 Bxe4 17. Bxe4 Be7 18. c3 dxc3 19. Qxd8+ Rxd8 20. bxc3 Nd5 21. c4 Nc3 22. Bc6+ Kf8 23. g3 Ne2+ 24. Kg2 Nd4 25. Be4 Kg7 26. Rfd1 Nf5 27. g4 Nd4 28. Rd3 Rb8 29. Rad1 Rb2 30. f5 gxf5 31. gxf5 exf5 32. Bd5 Bh4 33. R3d2 Rxd2 34. Rxd2 Bxf2 35. Rxf2 Re8 36. Kg3 Rxe5 37. Kf4 Re2 38. Rf1 Rxh2 39. Rg1+ Kf6 40. Ke3 Re2+ 41. Kd3 Rxa2 42. Kc3 Ra3+ 43. Kb2 Rb3+ 44. Ka2 Re3 45. Rg8 f4 46. Rh8 Re7 47. Rxh7 f3 48. Rh2 Re2+ 49. Rxe2 fxe2 50. Ka3 e1=Q 51. Ka4 Qb4#,51,black,2418,2502
Game865813,2487,2431,1. e4 e6 2. Nc3 d5 3. exd5 exd5 4. d4 Nf6 5. Nf3 Bd6 6. Bd3 c6 7. O-O Nbd7 8. Bg5 O-O 9. Re1 h6 10. Bh4 Qc7 11. Bg3 Bxg3 12. hxg3 Ng4 13. Qd2 Ndf6 14. Qf4 Qxf4 15. gxf4 Nh5 16. g3 Ngf6 17. Ne5 g6 18. Kg2 Ng7 19. f3 h5 20. Ne2 Bf5 21. c3 Rfe8 22. Rad1 Bxd3 23. Nxd3 Nf5 24. Kf2 Ne3 25. Rc1 Re7 26. Ne5 Nf5 27. g4 hxg4 28. fxg4 Ne4+ 29. Kf3 Nh4+ 30. Ke3 f6 31. Rh1 g5 32. fxg5 fxe5 33. Rxh4 Nxg5 34. Kf2 Ne4+ 35. Kg2 Rf8 36. Rf1 Rxf1 37. Kxf1 Rf7+ 38. Kg1 Rf2 39. Rh2 Rf3 40. dxe5 Re3 41. Nd4 Re1+ 42. Kg2 Rb1 43. Rh5 Rxb2+ 44. Kf3 c5 45. Nf5 Rf2+ 46. Ke3 Rf1 47. Nh6+ Kg7 48. Nf5+ Kg6 49. Rh6+ Kf7 50. Rf6+ Nxf6 51. exf6 Kxf6 52. Nd6 Kg5 53. Nxb7 Kxg4 54. Nxc5 Rf3+ 55. Kd4 Kg3 56. Kxd5 Rf2 57. Ne4+ Kg2 58. Nxf2 Kxf2 59. c4 a5 60. c5 Ke2 61. a4 Kd2 62. c6 Kc2 63. Kc5 Kb3 64. Kb5 Kc3 65. Kxa5 Kd4 66. c7 Ke5 67. c8=Q,67,white,2487,2431
Game865910,2511,2473,1. e4 d5 2. exd5 Qxd5 3. d4 Qa5+ 4. Bd2 Qb6 5. Bc3 c6 6. Nd2 Nf6 7. Nc4 Qc7 8. Nf3 Bg4 9. Nce5 Nbd7 10. Bc4 Nxe5 11. dxe5 Rd8 12. Qe2 Nd5 13. Bxd5 Rxd5 14. h3 Bh5 15. e6 f6 16. g4 Bg6 17. Nd4 h5 18. O-O-O Qf4+ 19. Kb1 Qe4 20. f3 Qxe2 21. Nxe2 hxg4 22. hxg4 Rxd1+ 23. Rxd1 Rh3 24. Nf4 Rxf3 25. Nxg6 Re3 26. Nxf8,26,white,2511,2473
Game865994,2486,2498,1. e4 e6 2. d4 d5 3. e5 c5 4. c3 Nc6 5. Nf3 Qb6 6. a3 Nge7 7. b4 cxd4 8. cxd4 Nf5 9. Be3 Be7 10. Bd3 f6 11. Bxf5 exf5 12. Nc3 Be6 13. O-O O-O 14. Qb3 Rad8 15. Rfe1 Na5 16. Qa2 Nc4 17. Na4 Qc6 18. Nc5 fxe5 19. b5 Qb6 20. Nxe6 Qxe6 21. dxe5 Nxe3 22. Rxe3 Bc5 23. Rd3 Rd7 24. a4 Rfd8 25. Rad1 h6 26. h3 b6 27. Qd2 d4 28. h4 Rd5 29. Qf4 Re8 30. h5 Rd7 31. g3 Qd5 32. Kg2 Rde7 33. Kg1 Re6 34. Qxf5 Rf8 35. Qg4 Re7 36. Re1 Ref7 37. Re4 Qc4 38. e6 Qxd3 39. exf7+ Rxf7 40. Ne5 Qb1+ 41. Kg2 Rxf2+ 42. Kxf2 d3+ 43. Re3 Qc2+ 44. Kf3 Qd1+ 45. Ke4 Qxa4+ 46. Kf3 Qd1+ 47. Ke4 Qh1+ 48. Qf3 Qa1 49. Qf7+ Kh8 50. Ng6+ Kh7 51. Nf8+ Kh8 52. Ne6 Qa4+ 53. Kf3 Qd1+ 54. Ke4 Qh1+ 55. Kxd3 Qd5+ 56. Ke2 Qg2+ 57. Qf2 Qd5 58. Qf7 Qc4+ 59. Kf3 Qd5+ 60. Kf2 Bxe3+ 61. Kxe3 Qe5+ 62. Kf3 Qd5+ 63. Kf2 Qd4+ 64. Kg2 Qe4+ 65. Kh3 Qh7 66. Kg4 Qg8 67. Ng5 Qxf7 68. Nxf7+ Kg8 69. Nd6 Kf8 70. Kf5 Ke7 71. Ke5 a5 72. Nf5+ Kf7 73. Nd4 a4 74. Kd5,74,white,2486,2498
Game866144,2510,2474,1. e4 d5 2. exd5 Nf6 3. d4 Qxd5 4. Nc3 Qa5 5. Bd2 c6 6. Bc4 Bf5 7. Nf3 e6 8. Nd5 Qd8 9. Ne3 Be4 10. Bc3 Nbd7 11. Ng5 Bg6 12. h4 Nb6 13. Bb3 h6 14. Nf3 Nbd5 15. Ne5 Be4 16. Bxd5 Bxd5 17. Nxd5 cxd5 18. Bd2 Bd6 19. Nf3 Qb6 20. Rb1 Ne4 21. c3 Qa6 22. Qe2 Qxa2 23. O-O Qc4 24. Qe3 Qc7 25. Rfc1 b5 26. Qe2 O-O 27. Qxb5 Rab8 28. Qe2 Rfc8 29. Rc2 a5 30. Rbc1 a4 31. Be3 a3 32. bxa3 Bxa3 33. Ra1 Nxc3 34. Qd3 Bb2 35. Re1 Qc4 36. Qxc4 Rxc4 37. Ne5 Rcc8 38. Nd7 Rb4 39. Kf1 Rc7 40. Nc5 Ne4 41. Rb1 Nxc5 42. dxc5 Ba3 43. Ra1 Rb3 44. Bf4 Rxc5 45. Rxc5 Bxc5 46. g3 Rb2 47. f3 Rf2+ 48. Ke1 Rxf3 49. Ke2 Rf2+ 50. Kd3 Rg2 51. Ra8+ Kh7 52. Rc8 Bf2 53. Rc7 f6 54. Re7 e5 55. Bxe5 fxe5 56. Rxe5 Bxg3 57. Rxd5 Bxh4 58. Ke4 Bf6 59. Kf3 Rg5 60. Rd7 Rf5+ 61. Kg2 Rg5+ 62. Kh3 h5 63. Ra7 Kg6 64. Kh4 Rg4+,64,black,2510,2474
Game947407,2433,2507,1. e4 e5 2. Nf3 Nc6 3. Bb5 a6 4. Ba4 Nf6 5. O-O Be7 6. Bxc6 dxc6 7. d3 Bd6 8. Nc3 Qe7 9. Bg5 h6 10. Bh4 Be6 11. d4 exd4 12. Nxd4 Be5 13. f4 Bxd4+ 14. Qxd4 Rd8 15. Bxf6 Qxf6 16. Qxf6 gxf6 17. Rad1 Ke7 18. Kf2 f5 19. e5 f6 20. exf6+ Kxf6 21. g3 c5 22. a3 b5 23. Ne2 Bc4 24. Rfe1 Rhe8 25. Rxd8 Rxd8 26. Ke3 Re8+ 27. Kd2 Rd8+ 28. Ke3 Re8+ 29. Kf2 Rd8 30. Ke3 b4 31. axb4 Re8+ 32. Kd2 Rd8+ 33. Kc3 Bb5 34. bxc5 Rd5 35. b4 a5 36. Ra1 axb4+ 37. Kxb4 Bxe2 38. c4 Rd4 39. Rc1 Bf3 40. Rc3 Bc6 41. Ka5 Ke7 42. Kb4 Kd7 43. Kb3 Re4 44. Rd3+ Kc8 45. Kc3 Kb7 46. Rd8 Re2 47. Rd2 Rxh2 48. Rxh2 Be4 49. Rxh6 c6 50. Rf6 Ka6 51. g4 fxg4 52. f5 g3 53. Rg6 g2 54. Rxg2 Bxg2 55. f6 Be4 56. f7 Bd5 57. f8=Q Bxc4 58. Qe7 Kb5 59. Qd6 Bd5 60. Kd4 Kb4 61. Qe5 Kb5 62. Qd6 Kb4 63. Qe5 Kb5 64. Qxd5 Kb4 65. Qd6,65,white,2433,2507
Game947454,2516,2423,1. d4 Nf6 2. c4 e6 3. Nc3 Bb4 4. Qc2 Bxc3+ 5. Qxc3 b6 6. Qc2 Bb7 7. Bg5 c5 8. dxc5 bxc5 9. Nf3 Nc6 10. e3 Nb4 11. Qc3 Qa5 12. Bxf6 gxf6 13. Kd1 Bxf3+ 14. gxf3 Ke7 15. a3 Nc6 16. Qxa5 Nxa5 17. Kc2 Rab8 18. Rd1 Rb6 19. b4 cxb4 20. axb4 Rxb4 21. Ra1 Nc6 22. Bd3 Rhb8 23. Kc3 Rb3+ 24. Kc2 Rb2+ 25. Kc3 R8b3#,25,black,2516,2423
Game947466,2414,2525,1. e4 e5 2. Nc3 Nc6 3. Bb5 Bc5 4. Bxc6 dxc6 5. Nge2 Ne7 6. Na4 Bb6 7. Nxb6 axb6 8. d3 Be6 9. O-O f6 10. f4 O-O 11. fxe5 fxe5 12. Be3 Qd6 13. Qd2 Ng6 14. b3 Rad8 15. h3 c5 16. Ng3 Nf4 17. Bxf4 exf4 18. Nh5 Qd4+ 19. Qf2 f3 20. Qxd4 cxd4 21. Rxf3 Rxf3 22. gxf3 Bxh3 23. Nf4 Bd7 24. Ne2 Be8 25. a4 c5 26. f4 b5 27. axb5 Bxb5 28. Ra5 Bc6 29. Rxc5 Ra8 30. Nxd4 Bd7 31. Rd5 Be8 32. Ne6 Bf7 33. Rd6 Re8 34. Ng5 Bh5 35. f5 Bd1 36. c4 Bxb3 37. Ne6 Kf7 38. Rd7+ Re7 39. Rxb7 Rxb7 40. Nd8+ Kf6 41. Nxb7 Ke5 42. Nc5 Bc2 43. Nd7+ Kd4 44. e5 Bxd3 45. e6 Bxf5 46. e7 Bxd7,46,black,2414,2525
Game947516,2510,2430,1. d4 Nf6 2. c4 e6 3. Nc3 c5 4. d5 exd5 5. cxd5 b5 6. Nxb5 Qa5+ 7. Nc3 Ba6 8. Qc2 d6 9. Bd2 Nbd7 10. e4 Ne5 11. Bxa6 Qxa6 12. Nge2 Nd3+ 13. Kf1 Rb8 14. b3 Ng4 15. Be3 Nb4 16. Qd2 Nxe3+ 17. fxe3 Be7 18. Kf2 Bg5 19. a3 Nd3+ 20. Kg3 Ne5 21. h4 Bh6 22. Qc2 O-O 23. Nf4 Qc8 24. Qe2 Rxb3 25. Rac1 c4 26. a4 Nd3 27. Rcf1 Nxf4 28. exf4 Rxc3+ 29. Rf3 Rxf3+ 30. Qxf3 c3 31. Rc1 c2 32. Qf2 Re8 33. Rxc2 Qd8 34. Qd4 Qf6 35. Qxf6 gxf6 36. Kf3 Re7 37. Rc6 Kg7 38. Rxd6 f5 39. e5 Kg8 40. Rd8+ Bf8 41. d6 Re6 42. d7 Kg7 43. Rxf8 Kxf8 44. d8=Q+ Kg7 45. Qg5+ Rg6 46. Qxf5 Rh6 47. h5 Rg6 48. hxg6 hxg6 49. Qf6+ Kg8 50. g4 Kf8 51. f5 Ke8 52. e6 fxe6 53. fxe6,53,white,2510,2430
Game992871,2578,2402,1. d4 g6 2. e4 Bg7 3. c3 d6 4. f4 Nd7 5. Nf3 c6 6. Bd3 Nh6 7. O-O e5 8. fxe5 dxe5 9. Bg5 f6 10. Be3 O-O 11. Kh1 Ng4 12. Bg1 f5 13. exf5 gxf5 14. h3 e4 15. Bc4+ Kh8 16. hxg4 exf3 17. Qxf3 fxg4 18. Qxg4 Ne5 19. Rxf8+ Qxf8 20. Qe2 Nxc4 21. Qxc4 Qf6 22. Na3 Be6 23. Qe2 Rg8 24. Bh2 Qg6 25. Nc4 Bd5 26. Ne5 Qe6 27. c4 Bxe5 28. Bxe5+ Rg7 29. cxd5 Qh6+ 30. Kg1 Kg8 31. Bxg7 Kxg7 32. Qe7+ Kg8 33. d6 Qg6 34. d7,34,white,2578,2402
Game992986,2418,2562,1. g3 Nf6 2. Bg2 d5 3. d3 g6 4. Nd2 Bg7 5. c3 O-O 6. Nh3 c5 7. O-O Nc6 8. e4 e5 9. f4 dxe4 10. dxe4 Bg4 11. Qe1 Qd7 12. Nf2 Be6 13. Nf3 Rad8 14. Nh4 exf4 15. gxf4 Rfe8 16. e5 Nh5 17. Ne4 b6 18. Nd6 Rf8 19. f5 Nxe5 20. fxe6 Qxd6 21. exf7+ Rxf7 22. Bg5 Rxf1+ 23. Qxf1 Rf8 24. Qe2 Nf4 25. Bxf4 Rxf4 26. Nf3 Nxf3+ 27. Bxf3 h5 28. Re1 Kh7 29. Qg2 Qf6 30. Be4 Kh6 31. c4 g5 32. Bd5 Qd4+ 33. Kh1 Rf2 34. Qe4 Qxe4+ 35. Rxe4 g4 36. h4 Bd4 37. Re6+ Kg7 38. Be4 Bxb2 39. Bd5 Bd4 40. Re4 g3 41. Re7+,41,white,2418,2562
Game993080,2569,2411,1. h4 g6 2. a3 Bg7 3. h5 gxh5 4. d4 Nf6 5. Nc3 c5 6. dxc5 Na6 7. e4 Nxc5 8. e5 Ng4 9. f4 Qb6 10. Rxh5 d6 11. Nd5 Nd3+ 12. Qxd3 Qf2+ 13. Kd1 Qxg1 14. Rg5 Nf2+ 15. Ke2 Nxd3 16. Rxg7 Nc5 17. Nc7+ Kd8 18. Nxa8 Bd7 19. Be3 Bb5+ 20. Kd2 Ne4+ 21. Ke1 Qxe3+ 22. Be2 Qxe2#,22,black,2569,2411
Game993220,2575,2405,1. d4 g6 2. e4 Bg7 3. c3 d6 4. f4 Nd7 5. Nf3 c6 6. Bd3 Nh6 7. O-O O-O 8. f5 e5 9. dxe5 dxe5 10. Kh1 Nc5 11. Bc2 Qxd1 12. Rxd1 gxf5 13. exf5 Bxf5 14. Bxf5 Nxf5 15. Na3 Rad8 16. Bg5 f6 17. Bh4 Ne3 18. Re1 Nf5 19. Bf2 Nd3 20. Re2 Nxf2+ 21. Rxf2 Ne3 22. Nc2 Nxc2 23. Rxc2 Bh6 24. Rf1 e4 25. Nh4 f5 26. Nxf5 Rxf5 27. Rxf5 Rd1+ 28. Rf1 Rxf1#,28,black,2575,2405
